bc,ac,tbv,tav,time,mp,minBid
3881056.19,2213534083.03,592249.34,333106.01,1666276345266,15.33,15.27
3897040.31,2213537433.63,593290.62,333322.28,1666276348311,15.33,15.27
3902584.50,2213532829.27,593651.34,333022.64,1666276351235,15.33,15.27
3882496.89,2213548172.35,592345.51,334026.52,1666276354715,15.32,15.26
3889235.38,2213552368.46,592786.23,334300.38,1666276358214,15.32,15.26
3880587.06,2213552368.46,592220.84,334300.38,1666276360243,15.32,15.26
3880567.53,2213556981.41,592219.67,334601.24,1666276363192,15.32,15.26
3880567.53,2213556981.41,592219.67,334601.24,1666276366595,15.32,15.26
3877059.10,2213552775.46,591990.51,334327.05,1666276369673,15.32,15.26
3892889.09,2213552006.52,593025.36,334276.72,1666276372183,15.32,15.26
3892888.69,2213555815.99,593025.36,334525.64,1666276375270,15.32,15.26
3880523.93,2213529012.97,592214.78,332777.17,1666276378165,15.33,15.26
3884515.34,2213547317.37,592475.71,333971.12,1666276382010,15.33,15.26
3888752.67,2213540032.87,592752.93,333497.91,1666276384624,15.32,15.26
3888752.67,2213542890.62,592752.93,333684.34,1666276387444,15.32,15.26
3888752.27,2213542884.44,592752.93,333684.34,1666276390384,15.32,15.26
3889198.08,2213542797.80,592782.11,333678.83,1666276393316,15.32,15.26
3889199.16,2213537214.19,592782.11,333315.08,1666276396922,15.32,15.26
3906820.93,2213525910.25,593926.67,332581.85,1666276399367,15.33,15.26
3911605.58,2213529325.70,594238.63,332803.60,1666276402314,15.33,15.26
3910623.94,2213529521.63,594174.24,332816.31,1666276405209,15.33,15.26
3915768.35,2213516793.55,594502.36,331982.70,1666276408460,15.34,15.26
3899159.13,2213545091.62,593416.27,333826.46,1666276411898,15.34,15.26
3878723.20,2213539438.64,592079.37,333455.67,1666276414378,15.34,15.26
3837254.07,2213555910.47,589380.08,334533.69,1666276417460,15.33,15.26
3841664.67,2213553243.05,589668.17,334403.79,1666276420313,15.33,15.26
3843087.74,2213553402.36,589760.63,334414.71,1666276423313,15.33,15.26
3875098.22,2213556020.52,591852.92,334585.50,1666276426272,15.33,15.26
3881711.67,2213555897.10,592285.31,334577.45,1666276429368,15.33,15.26
3880861.13,2213556497.47,592230.12,334616.60,1666276432273,15.33,15.26
3878089.13,2213557277.79,592116.12,334667.39,1666276435266,15.33,15.26
3878089.13,2213557678.18,592116.12,334693.51,1666276438377,15.33,15.26
3878089.13,2213554509.04,592116.12,334487.00,1666276441348,15.33,15.26
3875461.24,2213561105.71,591944.59,334917.31,1666276444292,15.33,15.26
3882947.98,2213557384.10,592433.29,334678.80,1666276447418,15.33,15.26
3878367.85,2213557384.10,592134.32,334678.80,1666276450308,15.33,15.26
3889449.03,2213550547.08,592857.91,334233.01,1666276453290,15.33,15.26
3883040.36,2213557211.25,592439.32,334667.47,1666276456316,15.33,15.26
3876097.19,2213559822.67,591986.15,334838.13,1666276459354,15.33,15.26
3888588.51,2213559818.09,592801.76,334837.67,1666276462437,15.33,15.26
3883728.50,2213559818.12,592484.46,334837.67,1666276465385,15.33,15.26
3885340.85,2213559822.07,592589.71,334837.92,1666276468403,15.33,15.26
3893165.83,2213545037.04,593100.12,333872.31,1666276471810,15.33,15.26
3897463.38,2213538674.12,593373.52,333456.31,1666276475191,15.34,15.26
3896255.76,2213539059.57,593293.34,333481.48,1666276477589,15.34,15.26
3896260.95,2213539014.16,593293.57,333477.33,1666276480278,15.34,15.26
3896701.11,2213547777.99,593320.11,334045.51,1666276483408,15.34,15.26
3896703.53,2213543911.12,593320.11,333793.44,1666276486354,15.34,15.26
3896693.13,2213543911.12,593319.42,333793.44,1666276489353,15.34,15.26
3897518.90,2213543670.12,593372.45,333777.44,1666276492335,15.34,15.26
3898028.24,2213547923.52,593405.03,334053.25,1666276495374,15.34,15.26
3898028.24,2213547922.73,593405.03,334053.25,1666276498736,15.34,15.26
3902650.22,2213546946.59,593706.53,333989.63,1666276501587,15.34,15.26
3899977.97,2213548930.16,593532.04,334118.76,1666276504428,15.34,15.26
3890343.65,2213538982.66,592899.94,333469.74,1666276507498,15.34,15.26
3880256.27,2213538772.61,592240.15,333455.50,1666276510355,15.34,15.26
3886575.43,2213550295.49,592651.16,334206.28,1666276513317,15.34,15.26
3887407.27,2213547839.00,592705.25,334045.02,1666276516352,15.35,15.26
3894202.19,2213536944.67,593145.83,333332.33,1666276519406,15.35,15.26
3902073.82,2213540741.97,593657.36,333578.67,1666276522399,15.35,15.26
3880812.02,2213500849.06,592235.46,330982.26,1666276525528,15.36,15.26
3875394.34,2213533764.96,591886.26,333121.12,1666276528474,15.35,15.26
3890370.49,2213556272.06,592863.98,334586.53,1666276531545,15.35,15.26
3892610.03,2213539501.94,593015.95,333500.98,1666276534645,15.34,15.26
3893056.96,2213561989.17,593044.94,334965.20,1666276537809,15.34,15.26
3892659.27,2213562738.33,593019.90,335014.91,1666276540981,15.34,15.26
3891941.05,2213562940.07,592974.90,335028.04,1666276544277,15.34,15.26
3891941.05,2213562938.81,592974.90,335028.04,1666276547643,15.34,15.26
3895478.50,2213562938.97,593205.06,335028.04,1666276550982,15.34,15.26
3903317.69,2213558200.03,593715.90,334713.97,1666276554478,15.34,15.26
3903317.69,2213556475.25,593715.90,334601.63,1666276557394,15.34,15.26
3890759.95,2213550673.75,592894.43,334222.40,1666276560525,15.35,15.26
3908070.63,2213546107.14,594021.70,333922.86,1666276563580,15.35,15.26
3900112.18,2213542105.09,593500.88,333659.88,1666276567522,15.35,15.26
3908699.30,2213553645.95,594056.03,334411.08,1666276570939,15.35,15.26
3898000.71,2213553645.95,593356.47,334411.08,1666276573551,15.35,15.26
3893143.56,2213551427.66,593039.84,334267.86,1666276576441,15.35,15.26
3893143.56,2213552976.13,593039.84,334368.65,1666276580781,15.35,15.26
3895961.10,2213552974.89,593223.62,334368.68,1666276585296,15.35,15.26
3879333.73,2213560823.06,592142.38,334880.69,1666276589923,15.35,15.26
3877394.13,2213557899.14,592020.38,334696.93,1666276594641,15.34,15.26
3877665.71,2213573298.19,592039.38,335698.86,1666276599342,15.34,15.26
3865329.23,2213562531.60,591233.79,334999.33,1666276604642,15.34,15.26
3864801.74,2213562728.28,591199.36,335012.20,1666276609649,15.34,15.26
3855844.10,2213569513.01,590614.98,335454.79,1666276614642,15.34,15.26
3891790.56,2213567436.57,592962.59,335307.57,1666276617589,15.34,15.26
3879453.68,2213564607.80,592158.24,335123.31,1666276622694,15.34,15.26
3876146.28,2213564496.24,591943.15,335116.30,1666276627888,15.34,15.26
3882699.49,2213564389.67,592370.76,335110.30,1666276633239,15.34,15.26
3882546.19,2213564406.09,592360.76,335111.26,1666276638647,15.34,15.26
3876547.82,2213556032.25,591969.19,334566.56,1666276644970,15.34,15.26
3877750.88,2213556546.02,592047.67,334599.92,1666276650635,15.34,15.26
3885656.30,2213561462.81,592561.75,334919.53,1666276656536,15.34,15.26
3876580.97,2213562136.84,591971.29,334964.28,1666276662309,15.34,15.26
3870778.77,2213562254.94,591576.08,334971.68,1666276668251,15.34,15.26
3876185.50,2213562266.49,591928.82,334972.46,1666276674176,15.34,15.26
3865286.32,2213545944.69,591215.40,333906.56,1666276680344,15.34,15.26
3881177.64,2213538684.11,592248.93,333421.99,1666276686530,15.35,15.26
3881953.05,2213536468.82,592299.20,333277.48,1666276692911,15.35,15.26
3887192.39,2213540789.51,592639.38,333558.72,1666276699344,15.35,15.26
3882354.39,2213546241.06,592323.99,333913.41,1666276702383,15.35,15.26
3881955.55,2213546247.40,592297.99,333913.83,1666276706035,15.35,15.26
3886673.61,2213542029.65,592605.56,333639.05,1666276708330,15.35,15.26
3879792.23,2213533067.24,592155.47,333051.44,1666276715332,15.35,15.26
3827031.58,2213529281.27,588713.63,332809.67,1666276723621,15.34,15.26
3852580.35,2213540205.69,590380.38,333556.15,1666276730904,15.34,15.26
3852580.35,2213541094.02,590380.38,333614.32,1666276733915,15.34,15.26
3882670.46,2213543242.34,592345.62,333754.07,1666276741611,15.34,15.26
3877672.38,2213550714.48,592020.34,334241.20,1666276749318,15.34,15.26
3873035.27,2213550736.72,591717.86,334242.63,1666276753942,15.34,15.26
3882075.48,2213545159.50,592308.07,333879.36,1666276755403,15.34,15.26
3887067.11,2213558251.02,592633.89,334731.81,1666276758356,15.34,15.26
3889692.53,2213543572.65,592804.88,333778.68,1666276766759,15.34,15.26
3855346.29,2213533781.85,590561.75,333140.77,1666276776685,15.34,15.26
3876184.35,2213536658.20,591923.32,333292.71,1666276786108,15.34,15.26
3852041.04,2213518563.96,590348.78,332114.56,1666276795059,15.34,15.26
3869089.12,2213526048.98,591461.07,332602.08,1666276798025,15.34,15.26
3870823.18,2213525195.43,591574.47,332546.44,1666276807336,15.34,15.26
3872475.89,2213538573.45,591682.89,333414.74,1666276816712,15.34,15.26
3877353.27,2213535420.11,592000.37,333208.38,1666276826263,15.34,15.26
3887451.05,2213548364.96,592666.50,334057.63,1666276835887,15.33,15.26
3875301.31,2213549579.17,591875.67,334138.83,1666276845689,15.33,15.26
3885515.32,2213549117.48,592540.94,334107.69,1666276855665,15.33,15.26
3887044.61,2213542398.49,592640.67,333674.69,1666276865680,15.33,15.26
3880515.51,2213535966.52,592217.07,333258.44,1666276876056,15.33,15.26
3877486.37,2213531977.06,592036.24,333004.97,1666276886516,15.33,15.26
3875388.82,2213538548.83,591903.25,333438.09,1666276896908,15.32,15.26
3861497.79,2213492378.65,590989.55,330395.74,1666276907449,15.35,15.26
3917316.12,2213505594.79,594629.62,331254.78,1666276918609,15.35,15.26
3910520.15,2213511328.49,594183.87,331625.00,1666276930031,15.35,15.26
3856327.48,2213512682.64,590649.23,331717.25,1666276941160,15.35,15.26
3887823.70,2213507072.25,592704.72,331350.64,1666276952430,15.35,15.26
3887301.05,2213502481.47,592671.67,331051.73,1666276964011,15.35,15.26
3883592.39,2213514245.93,592429.55,331817.91,1666276966744,15.35,15.26
3884510.73,2213505406.34,592487.34,331243.79,1666276978516,15.35,15.26
3889741.89,2213498172.47,592827.83,330772.27,1666276990294,15.35,15.26
3900639.87,2213505387.52,593536.65,331241.84,1666277002177,15.35,15.26
3903503.61,2213500127.87,593702.63,330866.26,1666277014884,15.36,15.26
3886320.21,2213506405.20,592579.04,331251.47,1666277026942,15.36,15.26
3904071.61,2213509612.40,593721.92,331449.23,1666277039242,15.36,15.26
3909304.63,2213509509.00,594062.83,331442.32,1666277042226,15.36,15.26
3879940.51,2213479719.13,592132.65,329515.11,1666277056688,15.36,15.26
3869944.05,2213484235.09,591478.35,329804.55,1666277069450,15.37,15.26
3875424.95,2213483445.79,591837.38,329755.26,1666277082935,15.36,15.26
3906184.30,2213487190.32,593835.60,329977.97,1666277096092,15.37,15.26
3874567.19,2213519269.35,591778.54,332066.13,1666277109470,15.37,15.26
3898413.00,2213531753.78,593312.54,332879.57,1666277123010,15.37,15.26
3903227.21,2213539992.60,593574.93,333416.52,1666277139182,15.36,15.26
3873762.08,2213537040.81,591652.92,333261.30,1666277153605,15.36,15.26
3910673.99,2213539409.99,594060.25,333415.35,1666277168269,15.36,15.26
3897883.96,2213528657.96,593221.92,332713.84,1666277183312,15.36,15.26
3898035.13,2213533371.72,593234.34,333022.97,1666277197836,15.36,15.26
3898079.78,2213539235.32,593237.25,333404.72,1666277200953,15.36,15.26
3874955.16,2213524393.82,591728.04,332403.03,1666277216007,15.37,15.26
3899478.66,2213538750.34,593327.10,333336.46,1666277231559,15.36,15.26
3900080.99,2213542625.39,593367.18,333588.75,1666277247050,15.36,15.26
3900181.63,2213542919.64,593373.74,333608.03,1666277249970,15.36,15.26
3881021.72,2213543673.41,592127.30,333658.42,1666277265923,15.36,15.26
3881221.71,2213543673.57,592140.36,333658.42,1666277268825,15.36,15.26
3882912.28,2213547884.85,592250.51,333932.60,1666277271921,15.36,15.26
3882605.28,2213542311.51,592230.51,333570.28,1666277274839,15.36,15.26
3861869.83,2213535946.54,590875.68,333163.30,1666277291748,15.35,15.26
3880029.74,2213508740.55,592065.85,331405.73,1666277308752,15.35,15.26
3882032.64,2213521358.10,592217.08,332224.41,1666277326073,15.36,15.26
3881856.11,2213524507.24,592205.58,332429.44,1666277329001,15.36,15.26
3879309.02,2213524813.54,592039.35,332453.74,1666277331972,15.36,15.26
3878530.89,2213533473.12,591991.93,333018.22,1666277335442,15.35,15.26
3878545.80,2213539337.87,591992.80,333400.28,1666277338326,15.35,15.26
3865557.61,2213531305.06,591146.83,332877.92,1666277341150,15.35,15.26
3879331.52,2213529435.25,592049.34,332756.12,1666277344235,15.35,15.26
3879331.12,2213529090.44,592049.48,332733.87,1666277347093,15.35,15.26
3874591.13,2213553310.84,591747.69,334306.21,1666277366621,15.35,15.26
3880949.41,2213553308.79,592162.40,334306.21,1666277369653,15.35,15.26
3879706.99,2213556241.45,592106.65,334505.38,1666277389588,15.34,15.26
3879179.99,2213555661.29,592072.05,334506.11,1666277410051,15.34,15.26
3892352.10,2213529654.65,592924.36,332805.22,1666277430500,15.35,15.26
3877118.09,2213549450.82,591938.37,334100.35,1666277451413,15.34,15.26
3885301.64,2213538397.16,592468.89,333377.18,1666277472256,15.35,15.26
3878606.96,2213520620.16,592029.27,332223.91,1666277496086,15.35,15.26
3889012.24,2213537838.72,592708.94,333343.09,1666277517550,15.35,15.26
3898416.67,2213540912.23,593326.36,333544.01,1666277539203,15.35,15.26
3875651.50,2213530726.86,591839.05,332880.52,1666277560774,15.35,15.26
3874615.18,2213535414.93,591771.45,333185.93,1666277563954,15.35,15.26
3874407.00,2213540241.23,591759.98,333501.60,1666277566751,15.35,15.26
3887104.21,2213544993.68,592590.91,333813.27,1666277588867,15.35,15.26
3895308.97,2213560139.08,593124.93,334786.15,1666277611667,15.34,15.26
3892577.43,2213551308.75,592944.94,334211.88,1666277634574,15.34,15.26
3881224.20,2213543078.01,592203.77,333676.40,1666277637134,15.35,15.26
3876051.91,2213542556.27,591873.82,333643.01,1666277660822,15.34,15.26
3879104.97,2213547014.24,592078.88,333937.43,1666277684104,15.34,15.26
3865738.09,2213540818.14,591210.37,333539.56,1666277687113,15.34,15.26
3848480.30,2213536764.73,590115.09,333276.00,1666277710712,15.34,15.26
3882577.51,2213543311.47,592337.42,333695.85,1666277734582,15.34,15.26
3874783.13,2213545766.09,591819.42,333853.35,1666277759126,15.34,15.26
3866284.33,2213553896.50,591266.61,334383.61,1666277761563,15.34,15.26
3870371.14,2213561050.70,591532.11,334849.22,1666277786274,15.34,15.26
3867284.18,2213547132.21,591322.32,333937.52,1666277811216,15.35,15.26
3875270.71,2213546379.02,591841.87,333889.11,1666277836327,15.35,15.26
3869398.95,2213544731.99,591448.66,333768.51,1666277861318,15.36,15.26
3883637.82,2213548524.18,592376.49,334015.13,1666277864640,15.36,15.26
3880841.51,2213541798.84,592191.40,333576.41,1666277890352,15.37,15.26
3875027.14,2213537379.59,591766.89,333285.26,1666277916126,15.37,15.26
3875170.72,2213535393.01,591774.22,333166.56,1666277942135,15.37,15.26
3882888.98,2213542303.46,592265.00,333587.74,1666277968326,15.37,15.26
3866593.84,2213541441.34,591202.09,333504.54,1666277999496,15.37,15.26
3870754.30,2213558039.41,591463.64,334576.65,1666278026303,15.38,15.26
3885310.75,2213534095.64,592398.54,333006.60,1666278053504,15.39,15.26
3945663.73,2213510600.96,596245.80,331458.44,1666278081717,15.39,15.26
3945733.03,2213510733.41,596245.80,331467.90,1666278084302,15.39,15.26
3875552.72,2213520607.71,591689.17,332113.74,1666278086930,15.39,15.26
3882207.77,2213516545.49,592075.44,331822.16,1666278115490,15.38,15.26
3892176.89,2213500533.45,592704.80,330780.87,1666278144180,15.39,15.26
3892176.89,2213501638.35,592704.80,330851.79,1666278147350,15.39,15.26
3861103.60,2213541791.28,590688.40,333466.25,1666278177315,15.38,15.26
3858565.28,2213549574.09,590529.98,333969.96,1666278207051,15.38,15.26
3886370.33,2213541775.93,592332.50,333459.91,1666278237043,15.38,15.26
3864505.41,2213536069.79,590908.49,333094.88,1666278267250,15.38,15.26
3872460.71,2213537873.55,591449.03,333215.93,1666278298180,15.37,15.26
3897157.81,2213543932.22,593068.90,333600.98,1666278329505,15.38,15.26
3863828.31,2213531313.05,590886.74,332783.25,1666278360863,15.38,15.26
3846966.73,2213522131.17,589783.79,332182.92,1666278364869,15.38,15.26
3867622.46,2213518480.99,591126.86,331945.95,1666278366888,15.39,15.26
3874609.15,2213527774.42,591578.82,332544.95,1666278369868,15.39,15.26
3887406.02,2213524020.59,592409.80,332301.47,1666278372748,15.39,15.26
3881006.89,2213532741.86,591993.40,332869.52,1666278376016,15.39,15.26
3881715.04,2213527709.19,592039.40,332542.49,1666278378758,15.39,15.26
3876515.62,2213554000.91,591705.95,334238.71,1666278412673,15.38,15.26
3877861.08,2213539105.68,591785.40,333269.58,1666278446640,15.38,15.26
3888785.90,2213555892.42,592502.89,334365.43,1666278481451,15.38,15.26
3902419.99,2213543911.15,593388.51,333587.94,1666278516767,15.38,15.26
3888494.46,2213555265.83,592481.27,334326.18,1666278552351,15.38,15.26
3874345.39,2213540780.12,591571.27,333376.15,1666278587801,15.39,15.26
3878746.33,2213555574.16,591861.20,334338.15,1666278623525,15.39,15.26
3886355.34,2213537634.53,592352.56,333170.79,1666278659438,15.39,15.26
3892796.75,2213540369.32,592757.76,333347.95,1666278696245,15.39,15.26
3883347.60,2213526134.25,592151.51,332427.74,1666278733719,15.38,15.26
3883201.00,2213538152.51,592141.04,333208.67,1666278736038,15.38,15.26
3876628.39,2213544233.72,591717.90,333604.30,1666278739019,15.38,15.26
3872287.88,2213539868.84,591434.84,333321.57,1666278741996,15.38,15.26
3878854.04,2213537457.46,591863.70,333167.10,1666278780871,15.38,15.26
3873777.42,2213537457.29,591529.48,333167.10,1666278784009,15.38,15.26
3869654.57,2213522087.35,591261.55,332181.97,1666278823433,15.38,15.26
3876377.71,2213552511.83,591702.64,334162.22,1666278862889,15.37,15.26
3869823.60,2213554342.07,591309.96,334293.17,1666278902535,15.37,15.26
3866040.85,2213561393.79,591094.39,334765.16,1666278942701,15.36,15.26
3872219.07,2213553237.78,591498.81,334267.02,1666278982798,15.36,15.26
3858255.84,2213559033.57,590633.88,334642.88,1666279023271,15.36,15.26
3864856.65,2213556047.24,591079.57,334466.43,1666279064233,15.35,15.26
3860638.48,2213566230.90,590837.76,335133.91,1666279105665,15.35,15.26
3866100.54,2213560715.06,591197.00,334774.46,1666279146973,15.35,15.26
3863748.93,2213568388.88,591054.64,335333.07,1666279188659,15.34,15.26
3869184.42,2213561358.58,591434.48,334886.18,1666279230590,15.34,15.26
3870325.85,2213557270.37,591508.33,334619.14,1666279233546,15.34,15.26
3862005.17,2213563464.18,591000.42,335022.51,1666279276639,15.34,15.26
3853512.30,2213557860.18,590444.43,334665.46,1666279319423,15.34,15.26
3865127.39,2213554910.77,591204.30,334479.87,1666279362291,15.34,15.26
3853954.70,2213554335.77,590477.01,334443.98,1666279405323,15.34,15.26
3868587.45,2213549233.80,591428.66,334111.83,1666279448725,15.35,15.26
3854311.78,2213553503.37,590498.48,334390.43,1666279451908,15.35,15.26
3857358.45,2213543598.85,590703.76,333746.46,1666279496142,15.34,15.26
3867317.65,2213557471.21,591356.02,334650.37,1666279540667,15.34,15.26
3869087.77,2213555517.34,591476.02,334524.56,1666279585989,15.34,15.26
3856748.10,2213556575.15,590676.44,334604.69,1666279631582,15.34,15.26
3865839.51,2213555305.21,591297.41,334529.26,1666279677130,15.33,15.26
3864048.90,2213561248.45,591198.25,334921.84,1666279722776,15.32,15.26
3883322.58,2213567956.27,592510.16,335365.74,1666279768739,15.32,15.26
3880130.79,2213556617.69,592291.29,334654.03,1666279771690,15.32,15.26
3883675.39,2213568890.69,592522.90,335454.60,1666279774781,15.32,15.26
3860008.92,2213563224.54,590973.03,335084.67,1666279821990,15.32,15.26
3866297.42,2213567698.87,591389.75,335378.93,1666279869619,15.33,15.26
3873161.02,2213569017.67,591838.59,335464.96,1666279872511,15.33,15.26
3881257.04,2213554117.46,592364.95,334491.63,1666279920539,15.33,15.26
3864768.76,2213561991.84,591288.82,335005.92,1666279923496,15.33,15.26
3875273.02,2213555201.70,591953.54,334551.52,1666279971912,15.33,15.26
3873481.19,2213567299.80,591811.31,335327.48,1666280020707,15.34,15.26
3877283.28,2213554796.60,592058.55,334513.15,1666280024552,15.34,15.26
3868618.40,2213560069.04,591495.48,334861.94,1666280080949,15.33,15.26
3864587.21,2213563938.11,591225.42,335099.56,1666280130611,15.34,15.26
3835014.50,2213551744.04,589284.08,334265.69,1666280180853,15.35,15.26
3869549.15,2213552433.50,591510.87,334313.54,1666280230875,15.35,15.26
3624297.70,2213819987.95,592951.60,334709.39,1666280281527,15.36,15.26
3789683.47,2213610703.64,590767.56,333948.31,1666280340029,15.36,15.26
3876613.32,2213547886.99,591884.38,333995.47,1666280343125,15.36,15.26
3809248.73,2213613999.22,592022.36,334112.51,1666280394607,15.36,15.26
3796121.66,2213639087.58,591170.51,335752.28,1666280446283,15.35,15.26
3818485.31,2213605343.96,592621.98,333551.89,1666280498233,15.36,15.26
3822480.12,2213601482.16,592882.28,333300.57,1666280501737,15.36,15.26
3802837.40,2213623441.54,591585.09,334758.05,1666280554546,15.35,15.26
3808275.42,2213634228.11,591940.15,335460.32,1666280558000,15.35,15.26
3879554.34,2213553057.97,592113.50,334357.80,1666280619794,15.35,15.26
3868791.16,2213570211.09,591415.33,335471.76,1666280674063,15.35,15.26
3854504.75,2213565822.66,590481.33,335188.64,1666280728188,15.35,15.26
3849932.56,2213568408.51,590190.09,335361.48,1666280731302,15.34,15.26
3868556.01,2213578892.31,591406.59,336048.01,1666280786918,15.34,15.26
3847983.56,2213556945.80,590094.65,334124.57,1666280842534,15.33,15.26
3847397.70,2213569035.33,590084.04,334941.71,1666280898048,15.33,15.26
3867685.36,2213552084.03,591440.65,333830.92,1666280955129,15.34,15.26
3867685.36,2213547896.25,591440.65,333560.86,1666280957206,15.34,15.26
3837868.64,2213574815.73,589515.80,335332.19,1666281014107,15.32,15.26
3799147.10,2213551643.12,587192.95,333849.30,1666281071167,15.29,15.23
3836971.44,2213564336.88,589636.31,334775.70,1666281128724,15.28,15.22
3838081.67,2213565149.85,589709.73,334830.05,1666281131708,15.28,15.22
3844833.40,2213565148.93,590152.20,334830.05,1666281134746,15.28,15.22
3838081.67,2213565148.93,589709.73,334830.05,1666281137750,15.28,15.22
3880035.03,2213555990.52,592517.43,334251.46,1666281197024,15.29,15.22
3883665.70,2213548792.00,592753.21,333777.06,1666281256829,15.29,15.22
3884294.43,2213560136.40,592782.30,334523.75,1666281316736,15.29,15.22
3865263.24,2213552965.34,591536.44,334060.17,1666281377146,15.29,15.22
3867827.26,2213552742.32,591704.31,334045.58,1666281380113,15.29,15.22
3880545.74,2213557180.26,592555.74,334363.24,1666281441197,15.28,15.22
3871095.76,2213561234.52,591937.00,334629.28,1666281444098,15.28,15.22
3886829.73,2213539867.20,593031.72,333289.10,1666281506100,15.27,15.21
3914467.05,2213540297.29,594844.34,333317.10,1666281509656,15.27,15.21
3895795.69,2213554370.02,593594.07,334189.35,1666281572829,15.28,15.21
3891559.45,2213558135.72,593316.47,334435.80,1666281575691,15.28,15.21
3824819.01,2213577912.13,588987.92,335740.09,1666281639682,15.26,15.2
3850283.52,2213540763.32,590797.91,333377.38,1666281704735,15.23,15.17
3840117.27,2213548108.81,590129.69,333868.39,1666281769745,15.24,15.17
3843402.83,2213552909.98,590349.23,334198.72,1666281835103,15.24,15.17
3853486.03,2213558910.35,591055.92,334648.24,1666281900807,15.24,15.17
3858537.44,2213559161.13,591387.55,334664.79,1666281904323,15.24,15.17
3860355.88,2213546618.72,591505.21,333842.18,1666281906884,15.24,15.17
3840931.19,2213554980.04,590226.70,334387.22,1666281974167,15.24,15.17
3866147.74,2213561182.21,591921.90,334814.39,1666282042299,15.22,15.16
3807985.20,2213497968.23,588183.09,330721.15,1666282110827,15.21,15.15
3854722.97,2213550200.91,591263.66,334154.43,1666282179158,15.22,15.15
3856089.10,2213550200.91,591353.78,334154.43,1666282182121,15.22,15.15
3847192.77,2213585507.79,590774.33,336479.18,1666282250901,15.21,15.15
3861401.37,2213550572.65,591669.15,334217.45,1666282320071,15.23,15.15
3867045.86,2213545789.84,592025.18,333915.70,1666282389715,15.22,15.15
3862933.23,2213555753.93,591762.99,334588.74,1666282459628,15.21,15.15
3852923.65,2213562922.73,591170.74,334801.34,1666282529802,15.2,15.14
3855527.27,2213555804.56,591342.48,334334.08,1666282533299,15.2,15.14
3862965.79,2213553036.45,591850.56,334140.32,1666282604760,15.22,15.14
3866429.39,2213549183.64,592071.00,333873.69,1666282676222,15.22,15.14
3845725.83,2213531851.84,590654.09,332699.94,1666282748372,15.23,15.14
3865424.79,2213546325.68,591950.55,333648.69,1666282750960,15.23,15.14
3876606.26,2213559684.85,592672.22,334519.98,1666282824613,15.23,15.14
3857832.98,2213596886.09,591552.11,336752.38,1666282897829,15.2,15.14
3890667.09,2213601312.55,593704.10,337029.08,1666282971557,15.22,15.14
3857322.11,2213618964.45,591523.81,338204.80,1666283045527,15.2,15.14
3860482.59,2213601683.25,591743.00,337074.91,1666283120148,15.19,15.13
3868266.95,2213589364.27,592333.60,336281.87,1666283195259,15.19,15.13
3871963.22,2213596414.37,592570.59,336779.89,1666283281805,15.19,15.13
3861598.27,2213598487.31,591901.94,336942.69,1666283357058,15.19,15.13
3868593.38,2213599339.41,592348.21,336988.30,1666283446287,15.19,15.13
3870145.23,2213599339.41,592450.59,336988.30,1666283448627,15.19,15.13
3864412.90,2213585135.57,592064.71,336037.66,1666283526271,15.2,15.13
3874609.11,2213573571.99,592696.95,335261.14,1666283603777,15.21,15.13
3882141.39,2213590387.38,593140.10,336310.61,1666283681497,15.21,15.13
3865787.60,2213575473.90,592071.20,335340.65,1666283759603,15.21,15.13
3865354.67,2213580111.63,592043.11,335645.57,1666283762631,15.21,15.13
3854248.46,2213611273.06,591352.88,337710.99,1666283841943,15.19,15.13
3855681.09,2213609603.15,591447.01,337601.35,1666283844490,15.19,15.13
3856377.73,2213601325.16,591493.12,337056.26,1666283847347,15.19,15.13
3841377.31,2213580842.08,590498.20,335703.27,1666283850462,15.2,15.13
3854995.98,2213586737.28,591415.15,336288.33,1666283931607,15.19,15.13
3835744.58,2213595687.79,590145.99,336701.73,1666284025445,15.19,15.13
3860098.11,2213579308.00,591759.76,335618.38,1666284107489,15.2,15.13
3837489.81,2213600655.53,590267.28,337019.05,1666284190033,15.2,15.13
3835593.72,2213600595.45,590142.49,337015.12,1666284193401,15.2,15.13
3845645.65,2213592255.59,590811.43,336468.02,1666284277745,15.2,15.13
3845645.65,2213592258.94,590811.43,336468.02,1666284280267,15.2,15.13
3845041.32,2213588732.43,590770.57,336235.99,1666284284502,15.2,15.13
3853590.41,2213588157.92,591306.20,336195.84,1666284370149,15.19,15.13
3854435.79,2213591994.89,591362.61,336447.81,1666284373213,15.19,15.13
3869058.48,2213591020.31,592345.78,336428.65,1666284459924,15.18,15.12
3855407.11,2213590503.04,591538.98,336422.77,1666284561124,15.18,15.12
3862788.25,2213591579.98,592026.00,336493.04,1666284563993,15.18,15.12
3845363.57,2213597135.52,590869.80,336915.25,1666284652855,15.19,15.12
3845366.77,2213597135.52,590870.12,336915.25,1666284655806,15.19,15.12
3831533.88,2213576916.63,589936.18,335580.29,1666284744816,15.19,15.12
3856720.77,2213586245.04,591580.37,336199.20,1666284834284,15.19,15.12
3848507.82,2213580874.08,591062.29,335857.66,1666284924547,15.19,15.12
3867333.75,2213581877.71,592302.27,335918.90,1666285014982,15.19,15.12
3852959.51,2213580860.00,591330.47,335829.11,1666285105765,15.2,15.12
3834160.65,2213537908.05,590111.19,332734.36,1666285197443,15.24,15.12
5309999.57,2212951091.46,690871.95,294255.09,1666285289255,15.25,15.12
5333363.80,2212949184.68,692405.51,294125.45,1666285292693,15.25,15.12
5373598.90,2212997470.95,695024.11,297962.20,1666285399072,15.25,15.12
5366876.57,2212996046.48,694581.40,297868.63,1666285401505,15.25,15.12
5365455.71,2212997961.83,694489.04,297994.39,1666285404576,15.25,15.12
5370677.35,2212997953.72,694831.08,297992.15,1666285407528,15.25,15.12
5349461.00,2213067164.20,693446.60,302168.55,1666285501869,15.24,15.12
5312785.29,2213022097.44,691088.42,299605.73,1666285596586,15.22,15.12
5318932.28,2213039566.76,691525.84,300755.68,1666285599671,15.21,15.12
5297209.29,2213020126.33,690109.65,299484.60,1666285602603,15.2,15.12
5296194.65,2213036140.25,690095.93,300544.24,1666285605982,15.18,15.12
5334348.27,2213017056.88,692687.35,299291.36,1666285608726,15.18,15.12
5295908.06,2213038898.99,690164.54,300738.24,1666285612578,15.17,15.11
5284338.94,2213075546.07,689583.65,303129.21,1666285615085,15.16,15.1
5304920.77,2213188829.98,691085.40,310480.66,1666285712926,15.13,15.07
5309680.70,2213169029.08,691402.06,309194.75,1666285715850,15.13,15.07
5306779.38,2213218646.88,691517.11,312584.32,1666285814785,15.09,15.03
5305329.45,2213175078.86,691370.44,309900.69,1666285914734,15.12,15.03
5294231.43,2213180278.58,690637.59,310245.41,1666285917379,15.12,15.03
5304688.69,2213200156.92,691232.00,311461.86,1666286018718,15.12,15.03
5304692.06,2213205563.75,691232.00,311819.23,1666286020926,15.12,15.03
5293220.06,2213206335.70,690474.49,311922.64,1666286123161,15.12,15.03
5762223.10,2213206653.50,721780.90,311952.00,1666286225253,15.12,15.03
5788097.74,2213200252.14,720837.10,311474.90,1666286327942,15.12,15.03
5788426.87,2213200252.14,720858.86,311474.90,1666286330643,15.12,15.03
5787586.58,2213195872.67,720821.82,311189.30,1666286334805,15.11,15.03
5815449.26,2213192586.21,722664.29,310970.78,1666286336894,15.12,15.03
5801371.87,2213217747.56,721722.69,312573.63,1666286442082,15.12,15.03
5802333.27,2213212971.39,721786.10,312257.75,1666286445058,15.12,15.03
5796817.96,2213213236.73,721421.23,312275.48,1666286448023,15.12,15.03
5770768.40,2213198864.72,719649.24,311391.86,1666286554799,15.14,15.03
5783874.30,2213209093.20,719750.36,312097.86,1666286662010,15.13,15.03
5815077.79,2213234954.02,721810.68,313687.80,1666286769548,15.14,15.03
5795092.20,2213225013.94,720455.52,313089.45,1666286877775,15.15,15.03
5768948.47,2213210659.39,718714.94,312137.99,1666286986202,15.14,15.03
5805142.80,2213195829.23,721108.48,311157.44,1666287094760,15.15,15.03
5781743.93,2213213909.36,719578.01,312358.91,1666287203742,15.14,15.03
5786879.93,2213213909.44,719917.46,312358.91,1666287207031,15.14,15.03
5602236.90,2213104403.43,707410.71,305123.29,1666287317198,15.16,15.03
5560470.97,2213121458.41,704651.84,306253.03,1666287320051,15.16,15.03
5156517.95,2213132568.66,677525.92,306944.35,1666287430451,15.17,15.03
5171381.46,2213172978.12,678126.90,309178.85,1666287542119,15.22,15.03
5179720.08,2213172531.21,678678.21,309149.99,1666287544721,15.22,15.03
4859218.59,2212982070.10,656953.31,296892.00,1666287656756,15.26,15.03
4793604.96,2212981865.51,652337.80,296843.95,1666287768947,15.31,15.03
4687597.67,2212989708.57,644768.29,297204.86,1666287881616,15.39,15.03
4268800.60,2213281504.89,617373.60,315860.17,1666287994724,15.39,15.03
4175725.27,2213252697.12,611284.93,313982.54,1666288107900,15.37,15.03
4167857.96,2213280149.93,610811.44,315767.44,1666288221163,15.37,15.03
4173587.28,2213284005.48,611181.96,316017.02,1666288224209,15.37,15.03
4068808.33,2213285956.00,604374.00,316093.14,1666288338009,15.37,15.03
4048623.53,2213298907.00,603059.07,316936.81,1666288341379,15.37,15.03
3881207.59,2213288308.13,592008.98,316184.95,1666288456464,15.44,15.03
3870046.48,2213278455.20,591282.07,315549.04,1666288459045,15.44,15.03
2995143.97,2212908512.80,533759.98,291983.02,1666288574419,15.45,15.03
3009039.58,2212907050.21,534656.26,291922.90,1666288690261,15.45,15.03
3013330.69,2212926451.27,534941.60,293173.50,1666288806482,15.45,15.03
3029472.50,2212971881.90,536166.33,296187.17,1666288923032,15.35,15.03
3006921.02,2212935939.75,534779.43,293918.69,1666289040000,15.33,15.03
3025992.57,2212972440.88,536209.33,296474.56,1666289158126,15.24,15.03
3030683.98,2212967219.02,536517.71,296131.79,1666289160573,15.24,15.03
2981394.40,2212975825.36,533333.69,296746.55,1666289279241,15.21,15.03
2994676.32,2212971305.88,534209.86,296449.95,1666289282216,15.21,15.03
2996310.23,2212956433.11,534326.02,295477.21,1666289285281,15.2,15.03
3044186.81,2212977311.37,537627.63,296869.36,1666289406373,15.14,15.03
3011149.89,2212943532.49,535549.78,294710.67,1666289526921,15.11,15.03
2993872.13,2212929855.01,534401.02,293849.06,1666289647966,15.11,15.03
3830466.16,2213324341.39,590434.18,319414.77,1666289770133,15.13,15.03
3859537.77,2213329683.28,592358.28,319767.62,1666289773014,15.13,15.03
3844333.50,2213334872.43,591240.90,320109.01,1666289895552,15.17,15.03
3833510.47,2213323560.08,590518.86,319358.02,1666289898507,15.18,15.03
3873649.61,2213322563.47,593177.13,319292.52,1666289901402,15.18,15.03
3848978.81,2213347224.13,591143.45,320721.23,1666290025796,15.2,15.03
3837777.87,2213346819.07,590403.68,320694.79,1666290029385,15.2,15.03
3846259.40,2213347985.54,590955.30,320772.49,1666290031887,15.2,15.03
3853409.11,2213347443.58,591425.93,320736.85,1666290036142,15.2,15.03
3855525.57,2213313412.61,591668.99,318570.20,1666290162502,15.16,15.03
3859981.43,2213318652.04,591963.51,318914.66,1666290165794,15.16,15.03
3850565.54,2213315620.00,591385.33,318776.91,1666290293454,15.16,15.03
3786726.93,2213303530.87,587233.91,318108.12,1666290421002,15.16,15.03
3815963.38,2213323140.53,589185.55,319426.22,1666290549445,15.14,15.03
3816541.32,2213298075.37,589221.64,317759.13,1666290677710,15.15,15.03
3797309.18,2213254701.14,587943.98,314897.73,1666290680680,15.16,15.03
3844218.43,2213314911.49,590954.44,318814.36,1666290810101,15.18,15.03
3850742.31,2213316330.64,591380.50,318903.23,1666290812807,15.19,15.03
3813344.01,2213326927.77,588711.87,319499.58,1666290943007,15.21,15.03
3836428.88,2213351586.89,590101.23,321013.93,1666291074095,15.24,15.03
3843799.15,2213341910.57,590557.54,320468.14,1666291205273,15.23,15.03
3847741.95,2213364817.57,590873.79,321999.34,1666291337277,15.2,15.03
3847280.67,2213359120.27,590842.99,321624.95,1666291340135,15.2,15.03
3843026.39,2213359814.95,590562.73,321671.02,1666291343188,15.2,15.03
3787095.19,2213352478.86,587011.05,321251.86,1666291477589,15.18,15.03
3836814.21,2213312906.61,590373.46,318696.21,1666291611934,15.19,15.03
3839397.54,2213330136.60,590336.88,319740.16,1666291746554,15.22,15.03
3887248.06,2213310945.21,593430.18,318603.15,1666291882647,15.23,15.03
3887254.01,2213316340.36,593430.18,318954.25,1666291884927,15.23,15.03
3880540.06,2213318929.98,592987.79,319120.29,1666291888478,15.23,15.03
3885941.38,2213325792.43,593204.69,319410.09,1666292025828,15.26,15.03
3895772.31,2213328819.15,593805.28,319590.23,1666292163682,15.24,15.03
3870041.39,2213365981.31,592078.75,321963.36,1666292302094,15.26,15.03
3867123.44,2213368457.10,591791.02,322013.03,1666292440750,15.31,15.03
3842143.13,2213361361.14,589873.16,321425.41,1666292579906,15.33,15.03
3859939.07,2213340779.34,591040.21,320143.15,1666292720271,15.32,15.03
3867381.77,2213350520.55,591523.14,320779.72,1666292722640,15.31,15.03
3873732.63,2213350094.82,591899.46,320641.72,1666292863773,15.35,15.03
3882118.50,2213367984.33,592319.19,321800.23,1666293005037,15.36,15.03
3878584.68,2213379027.43,592087.05,322534.15,1666293146991,15.34,15.03
3882191.57,2213380062.57,592273.02,322574.15,1666293289306,15.36,15.03
3885537.76,2213385881.54,592486.93,322948.92,1666293292347,15.37,15.03
3881440.34,2213389328.55,592217.59,323180.66,1666293436587,15.35,15.03
3874452.77,2213396441.75,591819.88,323694.84,1666293580736,15.33,15.03
3882709.01,2213418461.52,592527.22,325144.44,1666293725508,15.3,15.03
3889676.27,2213386598.91,592967.17,323055.93,1666293870827,15.33,15.03
3896890.33,2213350969.96,593435.66,320747.04,1666294016848,15.32,15.03
3913390.28,2213369863.03,594462.15,321985.21,1666294163499,15.34,15.03
3913547.61,2213374801.29,594472.42,322306.71,1666294166906,15.34,15.03
3913547.61,2213365593.24,594472.42,321707.06,1666294169383,15.34,15.03
3890993.43,2213390040.90,592980.04,323300.08,1666294318330,15.33,15.03
3888214.09,2213363355.57,592791.67,321537.77,1666294468263,15.33,15.03
3886038.69,2213390899.85,592721.79,323376.19,1666294618603,15.32,15.03
4044844.50,2213384764.09,603641.20,322984.81,1666294769839,15.32,15.03
4667303.15,2213349308.09,648966.85,320690.42,1666294921427,15.29,15.03
6458408.10,2213362573.77,781040.88,321647.84,1666295073516,15.29,15.03
7716374.07,2213351895.95,879609.11,320955.39,1666295226789,15.3,15.03
8374689.87,2212817032.85,931343.77,286370.97,1666295380381,15.38,15.03
10741704.06,2212886552.02,1133384.16,290858.86,1666295533621,15.4,15.03
10716266.61,2212883099.13,1131730.13,290635.65,1666295537985,15.4,15.03
10716407.29,2212893824.66,1131740.66,291331.33,1666295539507,15.4,15.03
12313035.09,2212983635.93,1281825.77,297038.91,1666295694114,15.43,15.03
14052350.98,2213107814.54,1465045.81,305135.33,1666295849592,15.37,15.03
14037557.36,2213109120.13,1464191.79,305297.49,1666296005538,15.34,15.03
14029330.55,2213071881.47,1463654.35,302882.26,1666296008743,15.35,15.03
14039285.22,2213084603.70,1464298.50,303713.06,1666296011510,15.35,15.03
14044943.66,2213088896.27,1464667.33,303995.99,1666296014955,15.35,15.03
14072232.26,2213080078.40,1466434.44,303362.28,1666296173153,15.37,15.03
14084788.21,2213118769.58,1467227.31,305928.73,1666296332214,15.35,15.03
14085639.09,2213125882.21,1467371.05,306390.12,1666296491578,15.35,15.03
13995915.68,2213137061.85,1462016.44,306971.52,1666296651574,15.35,15.03
14024815.29,2213144411.35,1463903.91,307450.49,1666296654257,15.35,15.03
14065502.19,2213119408.05,1466056.65,305929.14,1666296815001,15.36,15.03
14068010.40,2213115070.35,1466223.56,305647.68,1666296818000,15.36,15.03
14064164.46,2213127496.20,1466010.77,306526.74,1666296980907,15.34,15.03
14046348.24,2213146227.87,1464897.68,307728.85,1666297143968,15.33,15.03
14049880.30,2213146227.87,1465134.16,307728.85,1666297146688,15.33,15.03
14046200.76,2213132114.40,1464996.06,306895.07,1666297311208,15.31,15.03
14022347.74,2213098395.76,1463542.56,304706.94,1666297476973,15.3,15.03
14040650.05,2213121838.61,1464740.72,306238.55,1666297479490,15.3,15.03
14040328.83,2213121838.61,1464719.15,306238.55,1666297482671,15.3,15.03
14055399.27,2213122385.94,1465944.74,306332.60,1666297649716,15.26,15.03
14038319.27,2213122379.98,1464824.74,306332.60,1666297653008,15.26,15.03
14040272.22,2213105056.34,1464944.05,305205.85,1666297655751,15.27,15.03
14038899.10,2213133872.28,1464845.37,306360.91,1666297825557,15.25,15.03
14022353.17,2213105533.67,1463969.25,304563.78,1666297995625,15.23,15.03
14025411.98,2213132337.40,1464153.92,306288.34,1666297998896,15.22,15.03
14025260.63,2213136127.02,1463952.64,306500.60,1666298170570,15.26,15.03
14040876.00,2213127786.10,1464742.24,305847.80,1666298343011,15.32,15.03
14049107.84,2213105329.20,1465241.17,304548.52,1666298515901,15.32,15.03
14059770.15,2213115288.17,1465962.26,305148.85,1666298689984,15.3,15.03
14053699.38,2213116258.62,1465572.97,305211.76,1666298693345,15.3,15.03
14053546.13,2213119336.99,1465562.97,305417.64,1666298695571,15.3,15.03
14051738.84,2213104739.88,1465442.23,304470.01,1666298871656,15.3,15.03
14045726.03,2213102645.73,1465049.02,304333.60,1666298874615,15.3,15.03
14033431.36,2213116824.60,1464394.20,305252.79,1666299051831,15.3,15.03
14025077.03,2213110761.45,1463885.83,304870.70,1666299229643,15.29,15.03
14012026.41,2213131082.86,1463035.10,306202.40,1666299232746,15.28,15.03
14030422.61,2213114289.86,1464239.97,305103.58,1666299235613,15.28,15.03
14042156.41,2213138442.14,1465036.24,306649.66,1666299415654,15.27,15.03
14046401.00,2213121273.40,1465325.04,305518.05,1666299596802,15.3,15.03
14032387.48,2213130598.88,1464475.29,306146.21,1666299778595,15.27,15.03
14021510.21,2213133027.20,1463935.13,306388.37,1666299960408,15.24,15.03
14021562.16,2213128355.77,1463939.73,306074.84,1666299963843,15.24,15.03
14018804.51,2213132846.50,1463757.61,306333.97,1666300146985,15.26,15.03
14024798.62,2213132802.61,1464150.93,306331.09,1666300150330,15.26,15.03
14024698.21,2213132853.32,1464144.34,306334.41,1666300152886,15.26,15.03
14024647.92,2213052419.21,1464141.11,301201.41,1666300156682,15.26,15.03
14024640.50,2213132955.38,1464140.52,306339.33,1666300158928,15.26,15.03
14024640.84,2213132955.53,1464140.52,306339.33,1666300161939,15.26,15.03
14026021.97,2213144447.83,1464136.84,307082.39,1666300351071,15.26,15.03
14010493.45,2213130223.41,1463129.57,306186.18,1666300540743,15.27,15.03
14010915.51,2213131866.49,1463128.53,306294.29,1666300731550,15.26,15.03
14010915.51,2213127639.24,1463128.53,306019.29,1666300734272,15.26,15.03
13999194.09,2213117662.84,1462357.89,305365.96,1666300737352,15.26,15.03
14032495.71,2213133325.67,1464489.45,306329.33,1666300930311,15.29,15.03
14048160.55,2213143263.41,1465358.98,306954.64,1666301123598,15.29,15.03
14047812.83,2213143263.41,1465336.23,306954.64,1666301126547,15.29,15.03
14027262.06,2213143332.50,1463992.61,306951.95,1666301321717,15.28,15.03
13977856.67,2213114355.89,1460734.97,305026.21,1666301516899,15.31,15.03
13974340.14,2213137160.69,1460335.17,306452.66,1666301713045,15.32,15.03
13997326.92,2213138912.41,1461799.36,306577.82,1666301909203,15.33,15.03
13992275.89,2213136405.73,1461469.66,306414.73,1666301912129,15.33,15.03
13991523.55,2213141507.23,1461420.50,306746.98,1666301915898,15.33,15.03
14002731.45,2213154503.91,1462149.15,307582.77,1666302114320,15.33,15.03
13971669.26,2213136446.78,1459520.52,306445.82,1666302313543,15.33,15.03
13975073.96,2213111765.54,1459744.53,304836.71,1666302513134,15.32,15.03
14015871.73,2213108738.10,1463048.00,304636.98,1666302713190,15.32,15.03
14050191.11,2213123533.70,1465268.06,305536.06,1666302943287,15.34,15.03
14040995.48,2213130375.59,1464672.01,306039.33,1666303144282,15.32,15.03
14085597.91,2213117024.66,1469841.56,305127.65,1666303346698,15.33,15.03
14073596.91,2213144490.42,1469010.25,306956.43,1666303579648,15.31,15.03
14089511.11,2213118649.62,1470015.75,305274.68,1666303782559,15.31,15.03
14102744.36,2213136411.84,1470871.28,306434.36,1666303785555,15.31,15.03
14043298.02,2213177777.56,1467101.89,309178.41,1666303989723,15.28,15.03
14045290.58,2213166727.68,1467266.76,308468.52,1666304194650,15.28,15.03
14044850.19,2213166847.79,1467239.18,308476.17,1666304197150,15.28,15.03
14044850.19,2213166848.11,1467239.18,308476.17,1666304200071,15.28,15.03
14036155.76,2213192205.14,1466782.12,310171.04,1666304406673,15.25,15.03
14027357.91,2213155245.40,1466202.21,307761.65,1666304613778,15.27,15.03
14027357.91,2213155244.45,1466202.21,307761.65,1666304616741,15.27,15.03
14046762.87,2213169469.66,1467513.48,308740.65,1666304824903,15.26,15.03
14042321.81,2213157709.73,1467363.58,308021.20,1666305033613,15.23,15.03
14053037.67,2213161218.47,1468061.23,308245.16,1666305243442,15.24,15.03
14052805.74,2213167372.82,1468032.40,308662.24,1666305453913,15.23,15.03
14054165.60,2213154341.60,1468154.99,307814.73,1666305665177,15.24,15.03
14058582.47,2213158544.69,1468431.38,308090.35,1666305668347,15.24,15.03
14058582.47,2213154031.50,1468431.38,307795.83,1666305671032,15.24,15.03
14058445.46,2213164128.87,1468422.38,308458.39,1666305673967,15.24,15.03
14061785.87,2213164128.87,1468641.70,308458.39,1666305676998,15.24,15.03
14061785.87,2213164387.87,1468641.70,308475.38,1666305679955,15.24,15.03
14061907.71,2213164387.87,1468649.70,308475.38,1666305683064,15.24,15.03
14056284.61,2213177645.74,1468357.08,309398.88,1666305900508,15.21,15.03
14052747.94,2213177645.74,1468173.56,309398.88,1666305903269,15.21,15.03
14052885.48,2213177645.74,1468182.65,309398.88,1666305906354,15.21,15.03
14070113.32,2213159838.50,1469369.10,308197.91,1666306126526,15.21,15.03
14057827.72,2213182975.87,1468446.59,309681.31,1666306348146,15.24,15.03
14066701.81,2213171759.01,1468994.03,308986.45,1666306569987,15.23,15.03
14093350.61,2213163755.05,1470749.47,308433.35,1666306792223,15.25,15.03
14127343.99,2213122790.59,1472759.41,305620.21,1666307015655,15.3,15.03
14131758.65,2213129900.62,1473049.13,306085.11,1666307018240,15.3,15.03
14086375.36,2213117903.75,1470388.91,305426.47,1666307242567,15.21,15.03
14071368.26,2213090567.85,1469650.68,303719.83,1666307467551,15.18,15.03
14082423.48,2213093433.99,1470363.42,303906.88,1666307470128,15.18,15.03
14063956.84,2213121612.50,1469349.70,305843.15,1666307696285,15.13,15.03
14072851.60,2213117671.32,1469937.93,305582.69,1666307698919,15.13,15.03
14094594.69,2213080765.14,1471365.69,303138.15,1666307701717,15.15,15.03
14053147.90,2214261449.55,1468560.37,305839.60,1666307930228,15.16,15.03
14060486.72,2213144333.20,1469008.14,307357.30,1666308158717,15.15,15.03
14066546.39,2213143101.00,1469541.74,307314.78,1666308388637,15.14,15.03
14058216.90,2213157960.33,1468941.15,308236.97,1666308618321,15.16,15.03
14058338.92,2213159473.92,1468949.15,308336.66,1666308621262,15.16,15.03
14058217.72,2213159481.43,1468941.15,308337.19,1666308624267,15.16,15.03
14058215.70,2213160713.41,1468941.02,308418.58,1666308627212,15.16,15.03
14057772.37,2213160713.41,1468910.13,308418.58,1666308630214,15.16,15.03
14070747.85,2213129559.88,1469515.08,306260.79,1666308865123,15.21,15.03
14071326.68,2213203480.89,1469526.90,311056.56,1666309100558,15.2,15.03
14060270.70,2213221471.96,1468736.59,312193.45,1666309337709,15.2,15.03
14062852.12,2213221578.21,1468906.59,312200.45,1666309340378,15.2,15.03
14061125.79,2213193718.24,1468833.00,310428.55,1666309578253,15.19,15.03
14056486.50,2213196841.42,1468740.95,310669.88,1666309816997,15.16,15.03
14056486.50,2213203179.88,1468740.95,311088.04,1666309819601,15.16,15.03
14035848.67,2213189542.10,1467295.46,310209.09,1666310060164,15.17,15.03
14055746.26,2213209208.34,1468576.13,311490.44,1666310301946,15.18,15.03
14059245.89,2213203220.48,1468807.18,311095.89,1666310303905,15.18,15.03
14060034.16,2213211440.58,1468859.17,311637.23,1666310306929,15.18,15.03
14050005.62,2213202932.25,1468424.56,311133.63,1666310550684,15.14,15.03
14030425.76,2213195360.40,1467123.66,310630.26,1666310553599,15.14,15.03
14012401.56,2213209971.17,1465580.28,311692.65,1666310800128,15.1,15.03
14056779.89,2213199018.97,1469345.00,311063.27,1666311045952,15.08,15.02
14073703.56,2213105324.19,1470655.42,305031.84,1666311293369,15.08,15.02
13970803.39,2213061745.71,1463932.49,302367.54,1666311540543,14.97,14.91
13993673.97,2213092107.14,1466008.33,304449.82,1666311787956,14.94,14.88
14000237.89,2213093411.04,1466445.95,304537.09,1666311790954,14.94,14.88
13985716.95,2213114018.58,1465775.70,305970.08,1666312040654,14.93,14.87
13955068.44,2213123154.64,1464213.28,306808.66,1666312290250,14.8,14.74
13945676.32,2213069334.30,1463606.69,303181.39,1666312541852,14.81,14.74
13941134.63,2213118797.63,1463304.08,306514.52,1666312544815,14.81,14.74
13966575.04,2213104546.67,1465022.50,305552.75,1666312547366,14.81,14.74
13944931.82,2213114850.95,1463560.72,306251.22,1666312550298,14.81,14.74
13964644.58,2213117450.52,1464893.91,306426.89,1666312553182,14.8,14.74
13145097.25,2212951270.47,1408822.99,295323.27,1666312808738,14.86,14.74
13981562.09,2213099840.39,1465361.48,305186.43,1666313065135,14.89,14.74
13987020.42,2213099571.06,1465728.51,305168.13,1666313068125,14.89,14.74
13981551.53,2213110831.17,1465222.67,305853.37,1666313326696,14.93,14.74
13966567.17,2213116250.69,1463940.13,306091.98,1666313585424,14.97,14.74
13964393.46,2213106569.78,1463794.26,305446.40,1666313588570,14.98,14.74
13988136.42,2213123869.72,1465381.85,306598.99,1666313592453,14.97,14.74
13995022.89,2213112592.88,1465842.39,305848.03,1666313594509,14.97,14.74
14014738.41,2213115495.86,1467003.30,306018.05,1666313856342,15,14.74
13960499.06,2213113114.40,1463449.30,305868.15,1666314118954,14.96,14.74
13973320.18,2213127555.39,1464338.81,306834.65,1666314122573,14.96,14.74
13985008.14,2213130291.55,1465121.59,307017.46,1666314125435,14.96,14.74
13978155.67,2213134977.59,1464659.00,307338.90,1666314391510,14.97,14.74
13989986.01,2213141568.31,1465449.35,307779.17,1666314394389,14.97,14.74
13989058.34,2213139346.80,1465454.92,307624.93,1666314397357,14.97,14.74
14008207.69,2213137663.17,1466850.49,307437.25,1666314665580,14.97,14.74
13990847.59,2213118103.79,1465526.84,306126.79,1666314669179,14.98,14.74
13979015.95,2213134240.62,1464772.65,307195.90,1666314671668,14.98,14.74
14006204.57,2213145209.05,1466590.23,307925.92,1666314674622,14.98,14.74
14005003.67,2213139186.16,1466509.45,307523.48,1666314677581,14.98,14.74
13988888.56,2213146737.48,1465285.82,307991.69,1666314951439,14.99,14.74
13992351.06,2213152391.98,1465485.84,308359.73,1666315225897,14.99,14.74
13951947.58,2213168547.76,1462879.44,309469.04,1666315501575,14.97,14.74
13973318.68,2213178446.59,1464593.76,310216.63,1666315777510,14.94,14.74
13978149.30,2213183943.91,1464917.32,310584.52,1666315780331,14.94,14.74
13921371.68,2213240644.68,1461346.43,314450.50,1666316057886,14.9,14.74
13929511.95,2213188999.11,1461732.04,310997.39,1666316336110,14.93,14.74
13948052.47,2213202325.90,1462704.87,311795.34,1666316614362,14.96,14.74
13952023.07,2213206091.57,1463131.78,312101.28,1666316893048,14.93,14.74
13960149.59,2213205659.78,1463471.53,312006.26,1666317172715,14.96,14.74
13977036.98,2213158351.73,1464595.49,308838.07,1666317452838,14.97,14.74
13992829.15,2213161091.55,1465653.95,308986.96,1666317733587,14.99,14.74
13965016.74,2213135244.32,1462977.22,307222.95,1666318015088,15,14.74
13965020.14,2213135106.85,1462977.22,307213.79,1666318018418,15,14.74
13965020.14,2213135688.17,1462977.22,307252.52,1666318021240,15,14.74
13993055.89,2213138303.79,1465395.80,307412.79,1666318024156,15,14.74
13991945.40,2213138280.41,1465315.79,307411.23,1666318027104,15,14.74
13991701.19,2213138292.23,1465299.48,307412.01,1666318030124,15,14.74
13989375.86,2213127813.10,1465147.89,306716.49,1666318318705,15.01,14.74
13998778.89,2213152755.64,1465751.20,308369.42,1666318607879,15,14.74
13989156.28,2213142056.13,1465075.68,307628.79,1666318897989,15.01,14.74
14291320.82,2213159280.34,1485981.24,308596.15,1666319188890,15.09,14.74
14295746.74,2213188542.64,1486547.08,310437.08,1666319481370,15.11,14.74
14286137.08,2213160090.85,1485634.65,308569.17,1666319774312,15.1,14.74
14274687.29,2213154187.59,1484839.86,308208.55,1666320068999,15.09,14.74
14294246.83,2213166233.61,1486226.82,309028.21,1666320364214,15.08,14.74
14284164.87,2213163570.10,1485613.22,308859.21,1666320366840,15.07,14.74
14291241.76,2213165216.09,1486108.24,308974.14,1666320370018,15.06,14.74
14275367.22,2213133084.77,1485143.88,306899.92,1666320667306,15.06,14.74
14320793.97,2213152777.95,1488189.65,308251.33,1666320965735,15.04,14.74
14300350.30,2213129304.58,1486657.09,306629.82,1666321264788,15.07,14.74
14313519.12,2213156438.61,1487461.49,308410.81,1666321564410,15.08,14.74
14304262.30,2213135102.14,1486994.16,307061.04,1666321865143,15.07,14.74
14305241.24,2213135132.45,1486822.67,307000.38,1666322165914,15.1,14.74
14300059.37,2213158502.49,1486554.08,308573.73,1666322468552,15.08,14.74
14252501.47,2213111725.39,1483456.79,305475.21,1666322771571,15.09,14.74
14284614.08,2213156402.78,1485682.88,308424.76,1666323075428,15.09,14.74
14375236.83,2213208128.35,1491941.78,311866.60,1666323380695,15.04,14.74
14375193.33,2213208128.35,1491938.78,311866.60,1666323383475,15.04,14.74
14375199.27,2213204629.21,1491939.18,311634.10,1666323386541,15.04,14.74
14350237.01,2213211123.50,1490392.68,312072.18,1666323693929,15.05,14.74
14360937.55,2213211994.70,1491104.17,312130.21,1666323697001,15.05,14.74
14358825.35,2213212014.53,1490845.06,312131.52,1666323700028,15.05,14.74
14353660.47,2213208460.68,1490501.65,311895.39,1666323703524,15.05,14.74
14313807.34,2213217908.59,1487939.51,312561.12,1666324015446,15.03,14.74
14304439.44,2213213123.12,1487272.25,312241.02,1666324327989,15.02,14.74
14315608.03,2213199729.09,1487828.23,311282.20,1666324641026,15.07,14.74
14338371.62,2213160833.92,1489142.16,308488.19,1666324954786,15.15,14.74
14343367.16,2213173408.94,1489981.46,309575.16,1666325268967,15.04,14.74
14356859.10,2213168433.17,1490880.61,309244.65,1666325271903,15.03,14.74
14315575.75,2213141929.60,1488224.91,307481.46,1666325588638,15.02,14.74
14343685.10,2213141039.94,1489720.33,307411.31,1666325905956,15.07,14.74
14322136.04,2213187089.37,1488103.82,310374.55,1666326223936,15.08,14.74
14322136.03,2213187089.37,1488103.81,310374.55,1666326227383,15.08,14.74
14329061.69,2213143210.86,1488602.45,307572.93,1666326546612,15.06,14.74
14329224.74,2213138238.70,1488613.99,307245.34,1666326551476,15.06,14.74
14329229.83,2213138238.70,1488613.99,307245.34,1666326552491,15.06,14.74
14329230.49,2213138238.70,1488614.03,307245.34,1666326555563,15.06,14.74
14338352.86,2213141585.43,1489394.45,307542.12,1666326879309,15.05,14.74
14338352.86,2213140770.39,1489394.45,307488.58,1666326882553,15.05,14.74
14342290.35,2213180730.95,1489816.87,310192.99,1666327207867,15.02,14.74
14342290.35,2213180737.69,1489816.87,310193.54,1666327210548,15.02,14.74
14354386.05,2213150694.51,1490596.67,308181.35,1666327585701,15.03,14.74
14354846.12,2213153210.15,1490709.31,308367.50,1666327913542,15.02,14.74
14354861.74,2213153429.01,1490710.31,308382.08,1666327916171,15.02,14.74
14350129.33,2213157938.90,1490394.80,308682.09,1666327919136,15.02,14.74
14335649.80,2213164007.28,1489543.83,309111.05,1666328250613,15.01,14.74
14339888.73,2213166727.33,1489826.65,309292.56,1666328254770,15.01,14.74
14303283.81,2213110691.27,1487150.16,305525.71,1666328589364,15.03,14.74
14358048.76,2213162149.45,1490609.36,308798.58,1666328923404,15.08,14.74
14342443.80,2213166686.20,1489572.66,309099.46,1666328926612,15.08,14.74
14350010.62,2213171901.35,1489900.96,309386.31,1666329263542,15.11,14.74
14353444.31,2213132450.43,1490171.23,306791.84,1666329600541,15.11,14.74
14348547.68,2213166575.69,1489915.96,309052.43,1666329938477,15.1,14.74
14348421.22,2213166575.69,1489907.44,309052.43,1666329941932,15.1,14.74
14349350.19,2213166575.69,1489970.41,309052.43,1666329945351,15.1,14.74
14335674.65,2213171890.96,1487085.24,309482.94,1666330287163,15.04,14.74
14331161.14,2213169158.27,1486784.79,309306.67,1666330289496,15.04,14.74
14305857.19,2213245323.24,1454682.53,314416.51,1666330632472,15.03,14.74
14350515.80,2213166723.27,1457558.62,309145.26,1666330976527,15.06,14.74
14352834.52,2213160929.54,1457579.56,308734.37,1666331371206,15.06,14.74
14344276.36,2213153831.96,1457010.17,308263.83,1666331374313,15.06,14.74
14338018.73,2213153831.96,1456594.09,308263.83,1666331377181,15.06,14.74
14349479.66,2213158973.68,1457358.54,308621.92,1666331787318,15.06,14.74
14348949.07,2213175464.34,1457409.16,309738.34,1666332137380,15.05,14.74
14371716.95,2213143153.35,1458918.03,307556.70,1666332487516,15.08,14.74
14361210.98,2213143519.11,1458220.38,307571.70,1666332491130,15.08,14.74
14361527.67,2213143519.11,1458241.13,307571.70,1666332493570,15.08,14.74
14365521.06,2213143519.11,1458506.31,307571.70,1666332496822,15.08,14.74
14392701.58,2213135948.91,1460022.07,306951.17,1666332852060,15.12,14.74
14385106.97,2213166046.69,1459601.06,308987.84,1666333208425,15.09,14.74
14366022.45,2213162152.39,1458418.40,308831.77,1666333565901,15.08,14.74
14402775.26,2213148627.73,1461000.65,307950.39,1666333924240,15.08,14.74
14402774.91,2213153139.58,1461000.65,308249.42,1666333926760,15.08,14.74
13524418.28,2212980802.18,1402336.08,296973.71,1666334286593,15.03,14.74
13520972.73,2212972407.06,1402186.54,296417.81,1666334289534,15.02,14.74
13511847.79,2212971705.68,1401582.21,296376.30,1666334292552,15.02,14.74
13512915.87,2212949937.05,1401651.93,294926.45,1666334295583,15.02,14.74
14367519.31,2213164962.78,1458784.41,309128.65,1666334659726,15.04,14.74
14096103.68,2212976722.54,1440508.74,296633.71,1666335024245,15.05,14.74
14349863.14,2213187782.25,1457749.48,310670.51,1666335389746,15.02,14.74
14295610.66,2213185762.00,1454252.27,310615.47,1666335756415,14.99,14.74
14317296.24,2213185402.72,1455959.76,310669.39,1666336123594,14.94,14.74
14332052.64,2213180395.52,1456949.48,310332.49,1666336126524,14.94,14.74
14299416.74,2213188266.78,1454759.10,310858.84,1666336129502,14.95,14.74
14330619.63,2213196727.00,1456846.49,311421.05,1666336132615,14.95,14.74
14331882.16,2213180977.17,1456743.44,310340.33,1666336504111,14.99,14.74
14346466.00,2213182554.37,1457840.95,310308.28,1666336876856,15.04,14.74
14346466.00,2213182554.37,1457840.95,310308.28,1666336879798,15.04,14.74
14373291.66,2213175010.84,1458837.25,309667.16,1666337253169,15.09,14.74
14349255.05,2213182605.60,1457855.40,310243.53,1666337693484,15.06,14.74
14349256.01,2213188546.71,1457855.40,310637.98,1666337696744,15.06,14.74
14327127.89,2213189890.79,1456015.34,310756.80,1666338074119,15.05,14.74
14330829.52,2213196377.38,1456263.96,311188.34,1666338077107,15.05,14.74
14327866.36,2213175829.52,1456216.52,309849.81,1666338456511,15.02,14.74
14333052.16,2213175920.50,1456694.36,309891.39,1666338836898,15.02,14.74
14327311.44,2213185919.28,1456356.80,310603.28,1666339217517,14.99,14.74
14327557.97,2213185214.75,1456373.73,310556.28,1666339221056,14.99,14.74
14327800.74,2213177402.45,1456390.66,310034.69,1666339223776,14.99,14.74
14293681.56,2213172789.27,1454054.18,309756.12,1666339607559,14.98,14.74
14329891.50,2213186166.65,1456677.95,310688.44,1666339992619,14.97,14.74
14329891.50,2213185861.23,1456677.95,310668.85,1666339996386,14.97,14.74
14336524.23,2213139101.26,1457526.17,307516.17,1666340444074,14.93,14.74
14324142.01,2213185664.31,1456880.60,310704.05,1666340831430,14.91,14.74
14289023.89,2213191074.03,1454992.66,311124.82,1666341220091,14.88,14.74
13981506.47,2213110598.73,1434507.24,305918.23,1666341609593,14.79,14.73
13958640.67,2213123912.83,1432847.30,306856.56,1666341999325,14.79,14.73
13985483.80,2213125990.08,1434470.81,306921.50,1666342389394,14.83,14.73
13962793.89,2213109310.29,1432977.72,305932.97,1666342780669,14.82,14.73
13963932.58,2213139351.28,1433028.10,307943.06,1666343172134,14.82,14.73
13967288.24,2213163049.04,1433256.62,309542.38,1666343175141,14.81,14.73
13969682.71,2213141275.50,1433616.88,308178.07,1666343568473,14.78,14.72
13954619.37,2213134601.88,1432910.67,307808.83,1666343962795,14.74,14.68
13956974.74,2213116299.41,1432705.23,306453.04,1666344357785,14.81,14.68
13987565.77,2213120471.73,1434458.61,306583.63,1666344753907,14.88,14.68
13981455.61,2213129389.69,1434049.86,307186.19,1666344756110,14.88,14.68
13958433.17,2213126001.60,1432583.73,307110.93,1666345152412,14.86,14.68
13963641.42,2213143648.12,1432936.24,308299.09,1666345155424,14.86,14.68
13938276.90,2213116478.93,1431464.04,306552.46,1666345553720,14.83,14.68
13935507.87,2213117700.03,1431276.19,306633.48,1666345557042,14.83,14.68
13953425.76,2213123030.50,1432306.40,306889.69,1666345956849,14.88,14.68
13917493.41,2213164114.69,1429721.16,309599.20,1666346357565,14.9,14.68
13917522.91,2213164114.69,1429721.16,309599.20,1666346360139,14.9,14.68
13920740.69,2213125523.69,1429826.61,307027.51,1666346762762,14.89,14.68
13952872.28,2213128792.14,1432175.83,307303.97,1666347165838,14.86,14.68
13950424.09,2213128673.57,1432015.22,307295.97,1666347169497,14.86,14.68
13950431.44,2213128548.58,1432015.46,307287.28,1666347171754,14.86,14.68
13950431.44,2213128560.95,1432015.46,307288.00,1666347174865,14.86,14.68
13950311.54,2213128809.29,1432059.91,307304.72,1666347178356,14.86,14.68
13919974.51,2213143593.32,1430168.39,308363.75,1666347589919,14.83,14.68
13932006.78,2213164671.24,1431010.67,309785.76,1666348064682,14.84,14.68
13930029.51,2213164671.84,1430877.35,309785.76,1666348068304,14.84,14.68
13445695.22,2213182778.11,1380368.97,311062.01,1666348480438,14.81,14.68
13445757.92,2213182778.11,1380373.21,311062.01,1666348484433,14.81,14.68
13437480.59,2213183813.78,1379813.92,311133.74,1666348486478,14.81,14.68
13937093.86,2213154716.96,1398227.62,309152.35,1666348903205,14.83,14.68
13955632.35,2213156615.90,1399536.12,309299.72,1666349320783,14.82,14.68
13924246.86,2213131373.57,1397154.36,307952.91,1666349738488,14.86,14.68
13946268.83,2213172685.21,1398650.30,310677.63,1666350157064,14.88,14.68
13936384.18,2213146622.65,1397985.09,308972.61,1666350576715,14.86,14.68
13918330.02,2213131804.73,1397038.67,308083.24,1666350996363,14.82,14.68
13955988.98,2213133087.41,1399438.96,308069.57,1666351417333,14.87,14.68
13915109.13,2213133451.72,1395936.31,308072.87,1666351838325,14.87,14.68
13956633.73,2213134289.30,1399287.95,308108.08,1666352259693,14.88,14.68
13943888.30,2213132764.59,1398280.27,308133.81,1666352682512,14.8,14.68
13931208.41,2213129044.62,1398018.26,307952.69,1666353105424,14.8,14.68
13932906.45,2213127047.27,1398132.27,307817.50,1666353109004,14.8,14.68
13926528.22,2213146961.00,1397349.47,309225.29,1666353533675,14.78,14.68
13956369.30,2213126533.63,1399883.23,307825.88,1666353958832,14.78,14.68
13852486.79,2213141975.68,1393316.57,309069.95,1666354385358,14.69,14.63
13074751.21,2212913162.00,1340492.42,293622.78,1666354811787,14.68,14.62
13059047.47,2212928102.99,1339534.20,294640.38,1666354814668,14.67,14.61
13060656.19,2212928305.43,1339644.19,294655.57,1666354817714,14.67,14.61
13068052.38,2212928811.98,1340149.03,294690.54,1666354820647,14.67,14.61
12927875.60,2212954360.43,1330295.06,296338.37,1666355250888,14.72,14.61
12923571.73,2212966034.95,1329987.52,297129.77,1666355253826,14.73,14.61
12927113.45,2212992101.85,1330225.22,298899.11,1666355256907,14.73,14.61
12944719.60,2213005353.37,1331425.78,299800.15,1666355259862,14.73,14.61
12944110.47,2213018560.67,1331009.66,300607.34,1666355694044,14.75,14.61
12939928.90,2213029370.98,1330401.64,301214.51,1666356128503,14.82,14.61
12945967.57,2213037733.74,1330808.97,301778.00,1666356131424,14.82,14.61
12950664.77,2213031686.43,1331126.13,301370.57,1666356134390,14.82,14.61
12916390.04,2213036276.95,1328023.73,301593.76,1666356571752,14.86,14.61
12911034.04,2213038059.91,1327662.56,301713.80,1666356574837,14.86,14.61
12916242.72,2213029971.78,1328013.31,301169.52,1666356578287,14.86,14.61
12965076.57,2213046127.13,1331828.38,302267.03,1666357018736,14.86,14.61
12937770.07,2213028465.67,1329374.64,300789.25,1666357459564,14.99,14.61
12951794.47,2213052768.02,1329166.08,302286.24,1666357901524,15.02,14.61
12986650.88,2213034903.56,1332037.23,301095.22,1666357904849,15.03,14.61
12967184.92,2213025401.99,1331303.82,300628.60,1666358348681,14.93,14.61
12965146.45,2213008758.22,1330609.07,299572.70,1666358793140,14.96,14.61
12947862.52,2212993399.65,1329452.84,298547.24,1666358795844,14.95,14.61
