bc,ac,tbv,tav,time,mp
7079573.19,228299101.74,742914.44,358954.73,1659550372208,23.94
7068433.55,228297460.64,742447.81,358886.23,1659550375399,23.94
7049533.53,228312013.72,741658.28,359494.94,1659550377874,23.94
7063803.05,228315918.70,742254.86,359657.05,1659550380949,23.94
7043671.56,228317858.76,741410.16,359738.76,1659550384045,23.93
7045849.33,228315781.28,741504.22,359654.10,1659550386995,23.93
7047458.97,228302961.63,741573.48,359121.35,1659550390006,23.93
7062102.92,228295210.19,742186.23,358797.42,1659550393138,23.93
7050810.62,228320345.53,741713.90,359845.93,1659550396000,23.93
7055546.08,228325131.52,741920.45,360048.74,1659550398842,23.92
7010834.66,228321924.87,740058.30,359917.56,1659550402427,23.91
7040956.49,228316228.32,741321.47,359679.46,1659550404964,23.91
7035453.10,228316188.73,741091.03,359678.18,1659550407931,23.91
7062167.55,228303243.47,742203.92,359134.08,1659550410975,23.93
7062383.30,228311397.69,742195.10,359474.49,1659550414607,23.93
7065749.17,228310015.09,742335.92,359416.63,1659550416864,23.93
7072064.37,228311591.58,742600.28,359482.06,1659550419984,23.93
7042080.33,228317905.73,741332.44,359746.66,1659550422881,23.93
7040412.15,228306840.47,741263.41,359285.09,1659550425941,23.92
7037693.38,228302453.11,741149.73,359107.10,1659550429803,23.92
7062874.74,228297216.81,742203.09,358887.90,1659550431941,23.92
7063364.20,228286485.90,742221.35,358439.19,1659550435019,23.93
7069211.69,228288874.40,742465.56,358538.97,1659550437971,23.93
7063244.82,228275468.63,742206.31,357976.04,1659550440977,23.94
7080855.12,228295657.00,742944.43,358818.76,1659550444029,23.94
7084486.81,228282724.83,743095.60,358278.14,1659550446994,23.94
7067503.18,228285865.48,742380.58,358407.83,1659550449982,23.95
7068975.67,228281845.09,742441.64,358239.74,1659550452984,23.95
7048821.74,228267574.96,741598.63,357644.92,1659550455922,23.96
7051147.62,228313267.91,741695.53,359545.10,1659550458912,23.95
7071501.44,228300277.00,742546.37,359003.21,1659550461942,23.95
7052436.61,228277726.19,741746.65,358061.25,1659550464936,23.96
7066071.91,228285565.14,742317.74,358388.47,1659550468040,23.95
7066111.20,228298901.72,742319.78,358946.04,1659550470972,23.95
7063453.06,228303055.21,742208.69,359120.17,1659550473943,23.95
7059970.89,228291688.33,742062.60,358646.43,1659550476910,23.95
7062484.29,228288198.93,742167.61,358500.41,1659550479959,23.95
7057577.00,228292451.48,741962.64,358678.01,1659550482921,23.95
7060454.49,228318565.83,742082.45,359766.24,1659550486874,23.95
7057282.22,228322330.16,741949.95,359923.46,1659550489229,23.95
7043827.83,228297231.00,741391.42,358881.90,1659550492106,23.94
7048426.68,228307742.02,741584.19,359319.44,1659550495071,23.94
7041424.39,228315659.27,741291.33,359650.76,1659550497963,23.93
7045817.52,228309281.14,741475.05,359384.20,1659550500929,23.93
7024627.30,228318247.81,740589.36,359759.89,1659550503889,23.93
7049994.67,228309246.20,741651.96,359384.18,1659550507040,23.93
7054969.68,228271407.06,741858.72,357803.90,1659550510012,23.94
7071685.47,228278458.83,742558.32,358098.59,1659550513191,23.93
7083930.15,228302769.46,743070.85,359111.97,1659550515946,23.93
7059991.70,228311337.39,742069.74,359470.07,1659550518902,23.93
7049880.04,228305949.25,741645.53,359244.34,1659550522055,23.94
7049612.70,228305949.25,741633.35,359244.34,1659550525016,23.94
7078492.22,228302205.70,742841.34,359087.51,1659550528086,23.94
7045521.57,228343427.85,741460.90,359711.21,1659550531001,23.93
7033650.43,228342982.64,740964.52,359692.65,1659550534122,23.94
7057586.46,228317453.31,741965.84,358624.83,1659550537483,23.93
7056357.74,228299391.56,741908.61,357867.97,1659550540399,23.95
7053845.09,228322127.22,741803.61,358816.78,1659550543477,23.95
7047020.31,228347535.10,741521.59,359878.39,1659550547089,23.93
7042012.51,228335679.94,741314.77,359385.40,1659550550720,23.93
7064736.40,228345779.92,742265.78,359807.71,1659550554547,23.93
7065964.03,228343714.79,742312.84,359716.14,1659550558346,23.95
7066905.78,228347367.66,742351.71,359868.65,1659550562278,23.95
7050031.68,228328091.52,741648.16,359066.54,1659550565273,23.94
7056439.25,228322501.85,741915.24,358832.59,1659550568270,23.95
7054586.09,228283280.10,741834.75,357193.98,1659550572533,23.96
7064322.09,228332176.46,742235.52,359221.81,1659550576865,23.95
7065817.19,228336816.95,742298.23,359414.67,1659550580025,23.94
7054982.20,228360550.89,741846.05,360405.94,1659550584787,23.94
7046132.30,228336166.81,741476.07,359390.33,1659550587776,23.94
7092528.19,228320078.10,743414.88,358718.09,1659550590635,23.95
7081713.72,228345038.21,742962.41,359757.64,1659550595729,23.95
7097147.40,228341728.79,743605.45,359619.15,1659550600987,23.96
7047919.37,228337731.32,741544.56,359452.12,1659550606317,23.96
7031935.69,228234088.63,740874.80,355122.38,1659550611758,23.96
7031133.06,228196979.89,740840.89,353580.13,1659550614872,23.96
7036275.94,228280574.13,741029.28,357067.09,1659550617762,23.96
7033512.63,228274566.62,740913.59,356816.36,1659550620883,23.96
7036464.38,228280899.87,741037.02,357080.68,1659550627082,23.96
7026199.57,228261506.64,740611.20,356289.95,1659550633306,23.96
6991342.79,228270151.20,739184.37,356653.72,1659550639582,23.96
7000030.12,228267706.74,739546.90,356551.32,1659550645962,23.96
7050686.12,228294055.89,741643.79,357645.95,1659550652557,23.96
7050686.27,228294055.89,741643.79,357645.95,1659550655587,23.96
7061075.47,228262068.53,742077.16,356308.39,1659550658927,23.96
7027282.39,228272955.55,740665.07,356762.85,1659550661490,23.96
7033925.38,228286631.03,740942.56,357331.45,1659550669146,23.96
7037177.35,228286992.44,741078.63,357346.61,1659550676430,23.96
7039408.26,228281444.57,741169.75,357114.54,1659550683754,23.96
7039673.40,228256278.20,741172.01,356018.98,1659550691238,23.99
7049483.24,228285399.08,741549.19,357210.99,1659550698711,23.99
7049526.51,228276667.50,741550.86,356843.91,1659550706893,24
7046558.01,228297552.57,741402.99,357712.64,1659550714659,24
7019694.71,228298866.40,740277.13,357765.34,1659550722642,24
7072401.40,228275482.73,742465.26,356789.04,1659550730791,24.01
7032997.47,228262415.25,740797.95,356248.18,1659550739125,24
7053873.52,228299330.55,741665.54,357784.11,1659550747719,24
7059172.41,228286842.14,741893.86,357272.97,1659550756435,24
7029248.79,228266453.61,740643.31,356426.89,1659550765270,24
7017063.36,228266872.19,740121.52,356444.82,1659550768620,24
7037024.49,228268821.20,740955.57,356526.00,1659550771765,24
7065033.77,228246627.61,742124.15,355601.74,1659550774724,24
7073012.44,228276558.06,742452.82,356842.96,1659550777407,24.01
6995141.71,228266720.13,739197.87,356440.63,1659550787179,24
7017719.06,228273896.14,740129.99,356722.10,1659550797063,24
7017719.06,228274753.53,740129.99,356758.30,1659550800187,24
7012580.24,228236817.32,739911.13,355179.27,1659550810349,24
7009608.30,228249634.92,739709.65,355666.28,1659550821650,24.01
7046270.66,228275120.04,741231.73,356714.06,1659550832252,24.03
7038877.44,228281411.28,740922.53,356974.35,1659550835231,24.03
7049855.65,228281561.87,741338.13,356897.66,1659550846296,24.06
7063715.80,228288225.59,741901.19,357172.42,1659550849400,24.07
7075750.89,228289837.24,742390.72,357230.84,1659550852369,24.07
7075750.89,228289876.40,742390.72,357232.35,1659550855320,24.08
7043353.38,228297540.04,741039.99,357550.82,1659550858543,24.07
7033330.19,228261733.09,740635.98,356085.78,1659550870685,24.03
7041919.84,228264763.88,740994.02,356212.42,1659550873704,24.03
6799906.85,228295408.54,730706.62,357481.97,1659550886364,24.04
7055214.72,228274983.49,741383.69,356633.58,1659550899125,24.04
7068811.80,228280435.22,741941.22,356857.91,1659550902097,24.05
7089911.79,228283679.51,742782.16,356989.76,1659550915398,24.05
7038712.93,228301677.04,740655.21,357742.53,1659550928869,24.04
7058326.45,228289195.51,741471.31,357215.01,1659550942620,24.04
7074647.14,228286617.35,742153.17,357109.84,1659550956937,24.03
7050683.27,228284629.94,741153.31,357027.27,1659550970834,24.04
7089604.94,228284605.72,742782.36,357029.68,1659550984988,24.03
7070084.96,228250161.95,741967.58,355621.45,1659550999284,24.03
7108603.48,228263810.03,743475.21,356089.45,1659551013892,24.06
7075526.97,228278789.51,742093.18,356698.22,1659551028585,24.07
7092798.71,228287015.54,742801.96,357038.56,1659551044066,24.07
7081751.78,228258477.57,742342.24,355855.99,1659551046501,24.07
7079460.76,228272947.69,742247.86,356458.03,1659551049538,24.06
7079710.57,228275899.33,742258.26,356580.73,1659551052512,24.06
7077016.56,228300519.62,742148.58,357600.55,1659551055626,24.05
7072850.77,228305841.98,741975.23,357813.77,1659551058540,24.05
7067569.01,228315237.11,741758.66,358205.83,1659551061591,24.05
7099858.45,228278169.47,743103.76,356671.30,1659551078680,24.04
7063749.20,228308301.36,741601.89,357922.61,1659551095833,24.04
7098927.36,228288670.44,743065.27,357106.17,1659551113373,24.05
7089927.38,228290400.00,742705.86,357192.57,1659551131418,24.04
7090825.26,228290385.70,742743.23,357191.98,1659551134266,24.04
7063648.07,228289519.66,741621.81,357165.60,1659551152334,24.03
7059855.96,228289082.45,741473.12,357153.77,1659551170975,24.03
7059518.16,228267800.07,741453.82,356262.44,1659551189423,24.03
7041666.52,228255209.17,740727.46,355740.83,1659551208160,24.03
7053641.25,228282939.88,741276.57,356890.37,1659551227189,24.03
7040723.48,228271052.11,740735.17,356399.72,1659551246670,24.04
7042210.94,228292065.33,740799.38,357276.49,1659551265993,24.04
7038326.97,228242604.97,740637.14,355222.24,1659551285633,24.03
7013704.76,228257985.46,739611.25,355862.38,1659551305394,24.03
7035788.74,228273530.03,740529.56,356499.15,1659551325189,24.03
7023689.85,228290973.41,740038.92,357228.00,1659551345464,24.02
7029186.21,228271309.41,740264.82,356407.41,1659551348241,24.03
7032689.65,228278914.57,740435.73,356739.55,1659551368827,24.04
6967719.37,228241922.13,737717.93,355207.58,1659551389765,24.04
6967719.37,228239948.15,737717.93,355125.50,1659551392649,24.04
6967719.37,228241007.65,737717.93,355169.50,1659551395465,24.04
6968939.74,228241350.85,737769.07,355184.20,1659551398941,24.03
6960036.90,228235795.17,737400.11,354953.29,1659551401566,24.03
7001428.67,228240956.86,739125.18,355168.28,1659551404593,24.03
6991724.42,228259602.76,738706.20,355920.77,1659551426686,24.03
7030122.58,228249548.82,740311.70,355501.81,1659551449494,24.02
6999594.82,228251111.58,739042.46,355567.45,1659551472481,24.03
6997772.95,228274486.79,738968.57,356586.27,1659551495873,24.02
7057492.54,228260538.28,741448.09,356003.04,1659551519033,24.03
7046485.51,228278604.79,740986.02,356751.68,1659551542541,24.05
7045395.19,228261418.10,740930.47,355960.18,1659551566925,24.08
7013239.32,228238683.99,739533.18,355021.90,1659551591273,24.06
7048867.12,228272526.50,740995.71,356470.21,1659551615533,24.04
7029097.36,228262036.38,740172.76,356032.69,1659551618982,24.04
7066676.42,228284625.44,741744.91,356968.90,1659551643782,24.04
7029031.99,228284797.98,740173.55,356966.64,1659551668999,24.04
7055343.34,228275101.39,741267.08,356601.32,1659551694687,24.04
7004955.02,228269405.02,739164.70,356292.53,1659551720865,24.04
7040616.30,228297710.11,740655.05,357469.04,1659551746803,24.03
7046626.75,228249506.59,740898.79,355459.96,1659551773035,24.05
7049501.26,228249588.42,741001.12,355437.33,1659551799626,24.07
7050098.01,228234457.84,741005.70,354815.98,1659551826223,24.06
7032496.16,228212676.37,740271.19,353921.97,1659551853121,24.06
7056569.40,228225847.09,741269.55,354466.77,1659551856069,24.06
7031871.98,228158441.51,740242.29,351665.66,1659551859190,24.06
7009875.55,228256254.68,739294.99,355728.81,1659551887020,24.06
7062498.87,228242732.82,741482.65,355144.76,1659551915590,24.06
7026210.76,228237133.16,739972.28,354909.33,1659551943980,24.06
7024076.80,228244718.40,739884.38,355224.63,1659551947029,24.06
7021542.82,228242299.82,739776.57,355120.55,1659551949884,24.07
7057163.28,228230458.54,741251.47,354605.80,1659551979065,24.08
7022760.50,228259542.00,739837.67,355821.69,1659552008434,24.07
7018729.51,228205324.86,739661.38,353558.69,1659552038308,24.07
7036775.69,228253529.58,740423.43,355554.51,1659552068105,24.08
7021849.18,228238613.18,739798.40,354935.96,1659552098260,24.07
7042945.84,228263405.81,740669.33,355962.59,1659552129001,24.07
7041023.12,228281014.62,740590.02,356685.38,1659552160244,24.07
7038713.71,228277614.03,740494.00,356545.00,1659552162907,24.07
7038914.32,228266294.99,740540.52,356088.95,1659552195199,24.04
7075634.16,228276630.54,742094.11,356551.66,1659552227031,24.05
7036378.72,228274052.69,740454.56,356446.60,1659552258618,24.06
7082132.36,228267950.85,742356.71,356187.63,1659552290530,24.06
7044828.65,228274846.25,740801.86,356477.24,1659552322653,24.06
6984660.04,228259063.37,738303.54,355828.33,1659552355056,24.04
7031229.89,228254321.97,740243.27,355638.22,1659552388573,24.03
7062003.00,228237016.69,741544.51,354938.33,1659552421399,24.05
7031351.51,228250337.32,740262.14,355480.22,1659552454554,24.07
7047779.89,228237424.85,740944.09,354941.09,1659552457663,24.06
7054552.18,228253627.82,741225.87,355613.13,1659552460611,24.07
7051680.91,228253266.77,741105.10,355598.13,1659552463555,24.07
7061574.53,228144486.45,741505.22,351064.73,1659552498936,24.08
7061683.99,228235219.88,741476.15,354837.07,1659552534159,24.08
7041007.57,228248179.91,740613.62,355362.04,1659552570331,24.07
7014304.75,228250807.55,739431.77,355470.97,1659552607016,24.06
7023634.22,228221546.69,739819.47,354258.34,1659552609212,24.06
7018639.34,228239606.52,739631.63,355017.94,1659552645717,24.05
7040218.43,228271648.08,740530.77,356341.54,1659552688297,24.06
7011631.87,228274617.37,739343.55,356466.39,1659552725589,24.04
7081665.29,228274038.09,742267.26,356452.92,1659552763127,24.04
7032731.96,228248078.33,740314.47,355395.56,1659552800853,24.04
7030214.64,228250181.72,740211.09,355482.92,1659552804063,24.04
7039178.27,228241226.82,740583.41,355110.38,1659552807376,24.04
7033952.68,228278225.12,740365.24,356646.28,1659552810101,24.04
7044778.69,228274495.44,740815.95,356491.12,1659552813009,24.04
7053495.74,228254865.21,741178.86,355666.41,1659552852767,24.06
7041402.43,228245692.54,740681.86,355293.45,1659552893076,24.03
7053748.21,228243696.73,741192.90,355210.07,1659552896232,24.04
7036866.37,228281912.58,740513.59,356808.51,1659552937901,24.01
7048221.98,228272732.18,740977.68,356426.44,1659552981379,24.04
7029980.81,228279081.58,740237.80,356718.82,1659553023081,24.03
6996725.78,228284012.13,738854.91,356938.55,1659553071407,24.02
7035513.04,228270904.01,740468.02,356391.62,1659553114044,24.03
6990362.27,228275876.37,738587.46,356599.03,1659553116993,24.02
7022646.92,228248497.75,739932.77,355457.23,1659553119937,24.02
7037880.90,228242215.34,740566.64,355195.33,1659553123022,24.03
7017821.70,228244678.40,739731.19,355297.82,1659553126001,24.03
7015673.96,228275297.24,739651.91,356581.19,1659553171367,24.02
6971744.85,228264992.71,737842.80,356156.67,1659553222683,24.03
6981643.49,228267877.51,738255.29,356276.67,1659553226019,24.03
7008156.75,228266247.86,739291.82,356206.62,1659553271994,24.02
7024582.27,228286023.07,739951.29,357016.17,1659553318039,24.05
7003806.46,228292126.76,739086.81,357269.11,1659553321033,24.05
7014516.55,228276727.04,739511.54,356599.02,1659553368690,24.07
7028282.12,228222981.29,740014.86,354322.63,1659553416731,24.08
7011457.11,228238660.76,739277.92,354954.15,1659553464777,24.09
7062541.31,228224371.94,741279.15,354299.35,1659553513237,24.08
7032249.10,228246210.55,740035.43,355205.25,1659553569238,24.06
6971752.88,228239356.27,737540.99,354946.95,1659553618623,24.04
7027069.81,228236449.63,739898.31,354829.12,1659553621196,24.04
7005374.00,228205842.26,738982.74,353617.69,1659553670853,24.05
7039279.59,228227279.84,740454.74,354507.29,1659553720953,24.03
6999415.50,228237422.84,738837.85,354929.09,1659553771834,24.04
6938173.72,228204769.42,736107.69,353578.95,1659553823164,24.02
7036320.24,228223336.30,740234.21,354450.24,1659553873773,24.02
6983888.06,228228421.80,737986.26,354662.97,1659553925341,24.03
7019466.33,228220579.77,739534.09,354350.46,1659553976697,24.02
6982179.50,228236479.39,737986.65,355018.83,1659554028675,24
7016402.24,228233796.88,739422.82,354906.44,1659554080675,24
6986801.96,228236931.28,738194.16,355049.50,1659554132829,23.99
7015820.93,228229572.66,739378.62,354726.75,1659554192902,24.03
7026419.50,228239037.76,739820.26,355120.34,1659554195747,24.03
6995830.64,228202490.63,738548.98,353596.01,1659554248547,24
6998736.73,228246201.22,738739.84,355455.46,1659554301920,23.98
6998906.34,228242349.42,738797.12,355296.48,1659554355822,23.98
6966536.96,228194148.50,737542.00,353283.25,1659554409698,24.01
6984525.37,228231005.53,738294.27,354809.94,1659554463810,24.01
6982209.44,228219242.08,738194.50,354293.04,1659554518602,24
6969279.27,228263897.53,737596.36,356181.42,1659554574175,24.01
6983815.62,228256941.75,738211.58,355899.73,1659554630414,23.99
6984001.55,228259761.17,738220.58,356017.21,1659554632484,23.99
6979831.98,228259098.64,738067.91,355983.11,1659554688988,23.99
6985331.90,228245385.53,738294.76,355426.98,1659554745131,24
6987698.88,228241244.96,738393.16,355254.50,1659554748146,24
6974808.68,228247987.08,737879.10,355523.15,1659554807138,24.01
6970667.25,228258967.11,737707.55,355980.48,1659554808598,24
6972564.52,228212059.38,737773.56,354034.17,1659554867010,24.02
6965880.04,228261350.30,737469.41,356083.23,1659554925051,24
6966814.35,228259212.02,737508.43,355994.27,1659554928603,24.01
6966275.59,228256287.88,737486.46,355872.99,1659554931432,24
6952147.29,228255588.86,736897.82,355845.04,1659554934378,23.99
6961147.42,228233128.86,737273.61,354912.00,1659554936993,23.99
6994513.60,228233098.24,738652.17,354914.51,1659554997615,23.99
7004155.82,228245842.18,739050.10,355441.01,1659555058689,24.01
7002581.26,228246198.11,738984.35,355456.01,1659555062467,24.01
6995703.33,228237896.14,738751.25,355125.80,1659555124231,24
6963298.12,228254814.26,737399.06,355818.63,1659555186682,24.01
6957172.44,228260125.22,737144.27,356042.04,1659555189770,24.01
6967808.35,228256816.11,737587.89,355903.86,1659555193218,24.01
6975818.92,228216069.72,737975.84,354214.29,1659555256642,24.02
6973072.28,228228817.01,737861.68,354745.31,1659555259572,24.01
6983787.74,228260115.17,738287.93,356031.26,1659555323963,24.01
6983797.46,228254348.26,738287.93,355791.17,1659555328430,24.01
7003807.28,228256597.33,739031.00,355813.21,1659555393968,24.04
6993895.60,228242927.11,738722.05,355312.39,1659555459731,23.96
6970517.62,228261226.05,737757.84,356100.14,1659555463319,23.96
6955955.63,228255161.34,737152.86,355849.60,1659555466160,23.95
6995190.60,228254435.57,738781.33,355846.11,1659555533320,23.98
7261271.00,228198109.77,750323.82,353542.02,1659555601062,23.98
7307786.35,228241904.86,751846.46,355331.29,1659555668971,24.02
7317555.76,228264491.72,752464.17,356122.65,1659555737855,24.06
7362162.12,228222722.33,754199.26,354390.37,1659555806530,24.07
7344945.28,228245369.09,753326.94,355287.90,1659555876553,24.1
7294207.80,228240297.59,750702.62,354992.09,1659555946713,24.06
7330988.74,228265914.38,752645.50,356039.82,1659555949674,24.05
7344325.87,228251462.30,753196.60,355438.71,1659555952666,24.07
7324016.21,228192276.28,751989.25,353013.33,1659556024648,24.07
7319194.43,228240556.44,752222.56,355023.26,1659556097076,24.05
7309231.47,228230966.64,751983.96,354706.31,1659556170593,24
7336663.78,228236041.66,753115.65,354892.16,1659556243982,24.03
7327142.14,228192922.84,752857.85,353184.37,1659556317835,24.01
7317836.61,228274884.76,752418.19,356507.80,1659556391494,24.03
7322889.73,228262170.78,752626.67,355977.72,1659556394688,24.04
7344362.10,228230408.73,753476.73,354673.15,1659556469966,24.06
7321870.88,228251297.04,752505.20,355484.33,1659556546144,24.01
7327312.67,228235057.54,752799.84,354884.33,1659556622537,24.01
7309244.07,228257495.23,752052.23,355821.69,1659556625625,24
7304673.61,228267409.04,751924.85,356296.50,1659556703139,24
7299253.24,228266178.13,751698.69,356245.06,1659556705853,24
7280117.29,228215092.71,750909.58,354129.98,1659556783927,24.02
7287081.73,228226788.08,751200.64,354616.36,1659556787110,24.02
7247650.40,228238725.23,749556.61,355122.28,1659556790570,24.01
7268251.12,228239434.21,750418.89,355141.08,1659556793308,24.01
7324312.85,228224497.69,752773.49,354513.43,1659556873789,24.02
7304128.48,228239205.32,751858.52,355090.80,1659556966400,24.03
7335013.70,228224855.92,753351.40,354523.85,1659557048394,24
7325730.15,228226292.93,752964.17,354630.27,1659557130826,23.99
7324815.39,228263426.14,753003.68,356206.73,1659557213402,23.98
7322397.76,228265736.99,752902.77,356303.10,1659557217019,23.98
7327354.21,228233712.88,752730.34,354982.65,1659557300885,23.96
7331788.99,228237247.99,752910.45,355124.81,1659557304254,23.97
7319498.80,228250638.63,752396.24,355683.07,1659557306983,23.97
7319498.80,228248960.73,752396.24,355613.07,1659557309782,23.97
7303429.27,228250998.18,751725.10,355698.07,1659557312596,23.97
7314070.12,228247467.78,752501.95,355540.88,1659557398921,23.99
7329055.23,228241729.74,753128.82,355296.62,1659557485836,24
7347418.72,228258045.28,753744.50,355860.49,1659557573243,24.03
7311276.87,228229644.09,752179.06,354685.21,1659557661453,24.01
7373472.54,228234733.39,754767.85,354892.18,1659557664258,24.03
7356157.05,228238311.16,754046.87,355040.58,1659557667259,24.03
7363403.36,228252868.56,754348.61,355645.97,1659557670146,24.03
7350667.74,228254933.65,753818.31,355732.31,1659557674020,24.03
7349346.47,228251967.50,753763.30,355608.70,1659557676361,24.03
7317732.27,228201816.05,752390.47,353520.02,1659557767941,24.04
7350116.77,228229160.83,753749.69,354658.53,1659557860627,24.02
7346554.19,228235871.45,753648.78,354964.70,1659557953293,24.01
7303128.17,228246964.28,751876.20,355419.77,1659558046087,24.01
7319736.81,228256518.80,752575.37,355819.26,1659558140007,24.01
7310644.70,228250912.46,752196.10,355587.38,1659558142657,24.01
7278092.42,228243145.33,750714.17,355426.09,1659558236886,23.94
7276179.65,228258192.24,750638.55,356056.68,1659558239666,23.93
7327585.46,228248358.98,753153.45,355619.16,1659558335681,24
7326453.56,228239470.68,752993.24,355190.62,1659558431884,24.02
7319825.25,228236024.52,752610.49,355039.51,1659558527878,24.02
7356352.87,228239292.25,754076.72,355130.49,1659558624857,24.02
7297719.79,228253125.50,751662.25,355733.48,1659558723133,23.98
7306957.61,228249464.00,752449.73,355711.45,1659558820537,23.92
7299726.82,228221568.91,752382.05,354639.22,1659558918307,23.9
7226100.36,228222600.31,748906.67,354732.01,1659559016864,23.93
7258813.31,228268199.71,750210.53,356611.73,1659559116205,23.92
7266493.93,228215134.95,750920.64,354389.94,1659559215393,23.95
7299062.25,228251014.74,752288.05,355881.55,1659559218231,23.95
7311778.01,228242011.01,752576.01,355380.56,1659559318785,23.99
7314151.67,228250163.30,752672.22,355711.82,1659559321611,24
7322896.15,228239846.40,752981.38,355199.00,1659559423094,23.98
7257547.76,228224272.85,749807.06,354628.97,1659559524318,23.98
7287741.00,228259747.84,751489.71,356038.81,1659559626357,23.98
7323303.58,228233536.41,753067.87,354960.04,1659559729492,24.01
7349523.05,228270216.55,754236.92,356518.11,1659559834396,23.95
7362307.18,228270375.54,754771.00,356524.74,1659559836130,23.95
7329060.00,228277323.99,753451.18,356886.21,1659559941940,23.93
7329060.00,228277323.99,753451.18,356886.21,1659559943166,23.93
7314237.47,228285265.32,752835.24,357257.67,1659559947165,23.92
7325128.57,228276275.27,753291.62,356908.07,1659559950236,23.91
7317707.59,228276545.35,752981.29,356919.53,1659559953302,23.91
7324971.23,228262992.98,753283.55,356352.51,1659559955851,23.92
7338033.56,228257284.46,753830.45,356114.05,1659559959253,23.92
7309964.19,228269665.05,752841.83,356702.45,1659560068674,23.92
7251065.83,228249197.62,750664.93,355886.65,1659560178832,23.87
7281160.82,228236625.55,751971.11,355364.34,1659560182318,23.88
7282072.25,228232959.18,752087.25,355288.50,1659560294375,23.85
7247148.66,228217200.82,750610.31,354715.64,1659560406853,23.85
7289246.92,228246878.87,752412.35,355937.20,1659560518625,23.88
7291465.02,228248240.66,752504.11,355994.88,1659560521934,23.89
7289100.51,228265945.63,752402.36,356735.61,1659560525264,23.88
7286015.92,228250872.60,752273.05,356105.36,1659560528350,23.88
7274398.26,228264459.64,751786.22,356674.57,1659560530640,23.88
7285794.47,228248590.11,751720.01,355923.49,1659560646681,23.91
7303751.62,228233673.93,752282.73,355229.85,1659560762928,23.91
7276975.16,228229840.12,751160.41,355067.80,1659560766076,23.92
7321938.63,228247899.77,753444.67,355836.20,1659560883316,23.89
7329051.39,228245236.21,753743.82,355724.73,1659560886069,23.89
7336984.90,228223817.65,754195.17,354837.78,1659561004669,23.88
7336332.72,228237480.76,754168.49,355409.19,1659561007699,23.88
7323932.97,228238559.64,753649.02,355454.34,1659561010426,23.88
7293899.51,228246597.75,752528.38,355882.96,1659561131110,23.84
7230452.72,228185693.94,749976.91,353404.79,1659561252103,23.82
7268490.03,228190940.87,751576.72,353625.31,1659561255109,23.82
7258487.82,228195081.73,751157.89,353799.01,1659561258229,23.82
7300695.45,228236529.02,752931.65,355533.93,1659561261016,23.82
7284740.53,228198253.85,752273.37,353972.53,1659561402577,23.84
7331856.47,228234105.16,754299.41,355514.70,1659561526747,23.85
7312111.07,228120878.58,753355.91,350811.26,1659561652339,23.88
7300192.67,228107109.81,752855.86,350235.80,1659561654089,23.88
7341235.98,228148900.48,754590.07,351974.77,1659561657018,23.88
7355164.47,228209564.34,755051.97,354344.27,1659561783496,23.88
7355108.70,228209264.23,755049.53,354331.72,1659561786722,23.88
7324154.42,228229243.14,753712.41,355153.06,1659561915284,23.9
7318091.71,228212522.79,753417.21,354442.75,1659562043884,23.89
7318091.71,228212913.37,753417.21,354459.75,1659562046421,23.89
7317681.83,228210927.52,753404.21,354378.36,1659562049630,23.89
7317681.83,228210927.52,753404.21,354378.36,1659562052733,23.89
7267869.38,228193958.13,751320.18,353686.53,1659562184262,23.87
7269538.55,228193824.39,751390.07,353681.77,1659562187285,23.87
7236669.24,228193824.39,749612.94,353681.77,1659562190105,23.87
7236669.24,228193824.39,749612.94,353681.77,1659562193507,23.87
7227548.83,228193824.39,749228.57,353681.77,1659562195994,23.87
7276471.33,228226237.11,751238.13,355017.48,1659562331122,23.9
7273592.35,228206533.65,751056.18,354134.18,1659562466979,23.92
7273313.22,228233813.72,750981.72,355216.06,1659562603029,23.92
7287353.38,228221928.22,751597.95,354732.16,1659562739936,23.9
7304157.64,228216885.07,752386.25,354581.76,1659562879551,23.9
7297422.24,228229746.04,752143.56,355116.99,1659563017443,23.9
7279370.34,228229746.04,751375.45,355116.99,1659563020283,23.9
7263042.56,228229418.38,750631.44,355129.84,1659563159180,23.9
7263042.56,228229418.38,750631.44,355129.84,1659563163110,23.9
7248083.64,228226612.11,750030.08,355012.76,1659563303617,23.88
7249764.98,228227716.09,750100.66,355058.97,1659563306855,23.88
7248058.07,228221926.91,750029.62,354828.88,1659563449380,23.88
7249606.36,228204104.34,750312.15,354214.63,1659563591397,23.83
7244051.26,228202459.45,750125.63,354184.57,1659563734107,23.83
7266965.62,228221555.21,751223.51,355013.60,1659563876667,23.82
7246519.19,228231022.89,750455.53,355520.59,1659564020127,23.79
7259037.34,228243614.76,750984.52,356050.06,1659564022698,23.79
7262036.95,228244149.65,751114.32,356072.71,1659564025647,23.79
7298653.59,228198675.80,753360.57,354218.21,1659564171605,23.77
7266242.32,228198744.29,751995.80,354224.08,1659564175629,23.76
7279455.77,228202241.93,752556.68,354373.33,1659564178015,23.76
7270680.38,228196735.24,752186.07,354141.79,1659564181067,23.76
7275822.50,228200862.70,752366.13,354353.79,1659564330850,23.76
7291516.21,228215854.56,753028.06,354984.59,1659564333324,23.76
7285721.56,228217721.59,752801.56,355068.72,1659564484381,23.76
7243991.43,228352619.61,751088.60,361915.89,1659564635491,23.74
7243743.73,228357611.63,751078.07,362125.81,1659564638421,23.74
7252441.93,228275123.20,751449.85,358671.80,1659564791176,23.73
7242205.19,228269378.75,751018.30,358430.07,1659564793873,23.73
7176039.98,228299838.87,748249.80,359710.69,1659564947299,23.73
7237541.15,228261622.87,751706.74,358319.78,1659565101353,23.6
7219449.35,228258148.08,750786.94,358169.45,1659565256672,23.57
7206624.10,228264840.22,750450.11,358760.63,1659565411929,23.57
7214654.65,228284530.80,750754.72,359534.17,1659565567512,23.57
7223046.39,228273107.93,751106.71,359050.12,1659565570521,23.57
7211296.83,228284953.65,750605.21,359558.86,1659565573572,23.57
7226690.52,228261954.04,751260.13,358583.52,1659565577567,23.57
7265117.68,228239502.38,752834.19,357673.33,1659565735619,23.62
7246909.17,228274302.38,751881.57,359069.97,1659565894825,23.62
7241002.23,228278054.49,751647.25,359228.82,1659565897553,23.62
7226630.87,228281266.55,751280.67,359540.85,1659566057991,23.56
7230845.20,228273062.76,751655.14,359363.26,1659566218731,23.54
7217029.09,228271608.72,751067.97,359301.55,1659566221867,23.55
7202911.29,228313139.46,750468.28,360956.51,1659566224806,23.53
7179636.06,228288324.33,749621.87,359930.44,1659566388347,23.53
7207875.29,228325173.54,750835.60,361495.43,1659566391735,23.52
7153927.10,228256607.48,748717.65,358748.78,1659566556868,23.48
7174855.90,228266970.09,749610.56,359191.79,1659566559691,23.49
7176976.20,228262633.64,749700.34,359006.22,1659566562550,23.49
7147965.54,228258609.06,748465.60,358839.25,1659566565484,23.47
7150563.32,228262953.04,748577.71,359025.31,1659566568401,23.48
7188503.31,228272714.49,750563.92,359528.54,1659566737657,23.43
7220375.40,228286217.22,751986.37,360146.04,1659566907704,23.43
7209317.19,228280445.50,751508.85,359898.17,1659566911562,23.43
7162513.84,228243949.41,749702.79,358434.80,1659567083344,23.41
7159448.03,228247149.76,749572.16,358573.05,1659567087841,23.41
7210475.41,228299892.87,751832.84,360917.23,1659567260656,23.39
7188541.35,228283250.60,751142.53,360343.63,1659567434269,23.35
7195422.33,228266912.69,751437.89,359647.13,1659567437302,23.35
7169788.06,228201868.36,750503.39,358532.15,1659567612937,23.35
6916654.16,228255001.67,739896.03,361015.05,1659567791907,23.25
7143140.77,228233914.74,750597.39,360544.25,1659567994609,23.14
7154359.99,228248608.25,751083.12,361178.56,1659567997516,23.14
7137970.49,228274314.94,750373.30,362289.09,1659568000898,23.14
7170631.75,228269020.24,752150.25,362152.01,1659568180910,23.09
7139903.10,228279244.42,750818.27,362598.82,1659568183785,23.09
7130402.96,228304256.66,750646.33,363881.52,1659568366283,23.04
7133142.64,228265628.39,750764.73,362207.76,1659568369352,23.05
7145028.20,228263988.48,751301.50,362136.78,1659568370768,23.05
7098913.47,228269396.33,749485.23,362391.42,1659568555167,23.06
7095385.57,228286249.74,749336.14,363133.42,1659568558493,23.04
7119672.00,228285270.36,750391.92,363091.71,1659568560601,23.05
7123242.88,228278387.94,750551.28,362794.85,1659568563507,23.05
7100180.97,228282042.93,749508.69,362989.29,1659568751019,23.05
7155422.91,228219587.05,751784.78,360213.33,1659568939278,23.07
7140076.67,228232244.90,750930.52,360713.94,1659569127609,23.07
7134630.35,228240685.39,750696.50,361098.91,1659569131407,23.06
7107445.63,228240620.56,749518.49,361106.08,1659569133549,23.06
7100378.04,228233835.24,749212.87,360817.73,1659569136447,23.05
7139259.59,228233385.78,750937.92,360786.77,1659569328351,23.08
7139006.89,228232309.49,750926.95,360740.14,1659569331152,23.08
7119573.19,228219132.62,750085.75,360170.70,1659569334279,23.07
7066713.93,228216968.37,747610.77,360076.92,1659569337046,23.07
7087028.57,228313218.91,748912.12,364225.88,1659569532433,23.02
7101063.07,228311455.57,749520.21,364145.15,1659569535296,23.03
7023354.12,228283703.16,746122.79,362898.37,1659569733375,23.04
7021727.92,228278412.55,746053.54,362667.97,1659569736784,23.04
7022571.85,228355128.12,746339.06,366093.80,1659569936856,22.99
7036809.34,228354564.22,746958.77,366070.39,1659569938771,22.99
7022525.57,228352383.89,746405.86,366115.08,1659570139283,22.97
7050135.31,228339168.01,747489.53,365451.36,1659570341274,23.01
7051433.15,228323313.81,747546.02,364763.25,1659570343138,23.01
7036785.85,228308959.44,746909.57,364206.59,1659570346175,23.01
7337285.07,228315241.72,759862.36,364283.59,1659570549511,23.07
7143917.58,228328263.27,750811.01,364499.28,1659570753541,23.14
7138930.88,228329336.87,750594.30,364545.65,1659570756562,23.14
7124408.39,228347488.03,750117.02,365369.93,1659570962631,23.06
7103499.68,228313151.59,749364.67,364048.68,1659571169372,23.06
7182486.29,228281768.59,753266.00,362749.56,1659571376194,23.07
7124004.83,228373827.90,750112.76,366481.29,1659571585286,23.12
7162488.93,228324088.83,751562.32,364273.20,1659571794650,23.17
7122366.31,228351082.01,749670.85,365395.31,1659572003631,23.15
7095317.91,228334599.62,748697.69,364802.67,1659572213129,23.09
7107191.69,228339022.01,749212.15,364995.44,1659572215971,23.09
7074566.54,228323751.57,747426.92,364009.40,1659572427167,23.22
7208554.93,228320232.01,752194.56,363488.44,1659572639454,23.38
7230773.73,228326592.56,751915.45,363351.93,1659572851812,23.46
7228309.08,228332178.67,751810.25,363589.89,1659572854709,23.46
7200275.91,228353071.51,750414.08,364305.45,1659573069243,23.5
7178666.27,228326054.81,749262.25,363323.04,1659573284772,23.44
4938055.21,227475336.48,653000.72,327725.76,1659573501157,23.42
4938427.45,227474895.14,653016.65,327706.93,1659573503344,23.42
4940576.37,227469225.09,652992.72,327158.39,1659573720609,23.55
4942271.02,227443518.64,653190.63,326295.30,1659573938241,23.4
7194462.99,228189512.95,750308.40,357577.37,1659574156420,23.48
7209306.53,228238681.61,750206.70,359328.57,1659574375285,23.56
7144653.15,228216617.53,747242.15,358314.76,1659574595576,23.62
7178580.08,228239124.53,748675.90,359246.07,1659574816290,23.58
7143458.22,228244401.86,746875.41,359293.74,1659575037010,23.66
7233704.50,228054517.13,749819.08,350725.48,1659575259325,23.87
7234918.43,228181057.90,749455.76,355865.47,1659575481075,23.81
7583065.26,228194778.09,764473.47,356655.14,1659575704717,23.83
4921872.30,227360288.92,651203.01,322208.22,1659575927626,23.84
9506884.45,228204218.37,847508.41,356798.24,1659576151668,23.83
9499428.52,228248259.44,847471.06,358826.52,1659576377406,23.75
9522685.90,228190942.19,848859.35,356498.32,1659576604360,23.83
9603265.47,228163235.12,851193.63,355048.36,1659576831296,23.89
9571526.73,228207778.03,849765.42,356831.12,1659577058617,23.91
9517307.71,228305636.63,846519.16,360687.84,1659577287285,23.94
9497290.39,228253731.99,846256.17,358695.76,1659577516256,23.92
9523425.37,228284009.95,847793.83,360164.87,1659577746304,23.82
9497814.65,228284645.16,846717.33,360193.59,1659577749221,23.82
9523466.30,228288209.24,847812.41,360343.07,1659577752845,23.82
9524347.51,228346869.63,848871.60,363173.90,1659577984893,23.73
9524347.51,228347224.74,848871.60,363188.90,1659577988163,23.73
9487339.37,228301281.98,847327.04,361313.17,1659578222260,23.74
9522241.75,228297787.87,849147.19,361133.43,1659578457651,23.73
9538319.12,228299665.98,849748.44,361196.58,1659578696541,23.72
9577153.95,228325078.22,851619.02,362202.59,1659578934459,23.76
9577162.65,228332318.79,851619.60,362506.66,1659578936265,23.76
5004806.25,227435845.03,655309.18,325651.56,1659579174614,23.68
9537448.34,228350641.53,851197.88,363723.29,1659579414344,23.61
9543282.75,228327946.61,851445.13,362763.00,1659579417078,23.61
9514030.19,228311431.95,849493.91,361950.86,1659579658959,23.68
9504188.22,228295426.87,849076.33,361275.37,1659579661114,23.68
9539392.74,228308944.90,850473.12,361606.38,1659579904112,23.79
9601990.99,228321712.73,852230.34,361846.42,1659580147427,23.82
9629335.73,228322670.39,853380.32,361887.60,1659580150618,23.81
9500624.46,228330353.42,848228.50,362376.28,1659580395392,23.74
9584843.73,228338257.89,851952.54,362724.95,1659580642862,23.74
9566175.48,228360094.66,851209.03,363728.15,1659580892077,23.72
9561660.84,228308614.55,851267.31,361604.07,1659581140829,23.69
9551365.94,228306958.16,850832.62,361535.86,1659581144306,23.69
9585109.00,228353505.81,852702.95,363617.91,1659581395650,23.67
9564157.13,228312227.76,851759.84,361856.91,1659581646911,23.69
9573401.11,228314599.54,852150.56,361956.81,1659581649825,23.69
9543498.79,228376281.38,850582.60,364449.13,1659581903490,23.69
9610647.57,228343816.68,853324.31,363065.82,1659582156361,23.72
9527080.90,228360521.65,850572.10,363991.24,1659582410014,23.64
9563184.63,228345538.62,852196.37,363402.66,1659582664441,23.63
9543949.23,228365927.89,851604.19,364322.32,1659582918827,23.6
9629904.51,228363802.76,855362.51,364221.72,1659583173764,23.61
9629420.14,228363802.76,855341.93,364221.72,1659583176538,23.61
9623248.34,228317292.90,854966.63,362239.01,1659583434301,23.65
9614137.41,228347779.15,854187.34,363524.29,1659583693937,23.62
9559895.26,228369063.59,851910.32,364410.15,1659583952968,23.6
9581898.93,228335793.53,852491.08,362729.56,1659584213212,23.76
9581329.72,228341925.17,851693.68,362866.74,1659584473668,23.72
9581102.05,228344232.91,851684.11,362964.02,1659584476479,23.72
9541339.73,228305448.62,850746.62,361704.11,1659584738672,23.61
9529984.88,228317101.15,850265.13,362199.44,1659584742490,23.61
9502456.78,228248534.14,849098.06,359329.83,1659584745804,23.59
9555244.28,228370868.40,851883.02,364452.10,1659585011847,23.6
9543375.19,228370816.61,851379.67,364450.96,1659585014337,23.6
9547110.13,228401427.70,851544.36,365727.36,1659585283683,23.61
9579430.11,228376782.47,852968.14,364690.88,1659585286944,23.62
9561154.91,228393819.96,852253.60,365455.37,1659585559335,23.59
9576675.50,228389252.89,852909.75,365122.61,1659585831406,23.66
9575480.17,228386212.15,852859.60,364994.68,1659585833774,23.66
9546240.50,228393326.21,851620.14,365295.83,1659585836715,23.65
9588535.73,228386568.16,852957.08,364922.66,1659586110769,23.64
9586957.12,228370929.73,852889.96,364261.98,1659586114481,23.64
9586787.69,228374083.55,852882.79,364417.24,1659586117194,23.64
9579557.10,228367486.41,852575.85,364137.86,1659586119951,23.65
9594696.09,228383066.70,853217.03,364796.09,1659586123224,23.65
9594696.09,228383492.40,853217.03,364814.09,1659586126173,23.65
9611477.10,228388254.97,853072.37,364686.89,1659586450565,23.72
9650911.26,228402472.99,855115.96,365384.90,1659586733023,23.68
9646193.60,228414269.23,855221.97,366027.55,1659587016960,23.63
9648154.27,228416519.29,855304.70,366121.67,1659587020038,23.63
9629106.18,228362821.47,854472.24,363681.35,1659587305792,23.76
9590679.98,228411420.41,851906.35,365566.18,1659587592165,23.77
9652516.58,228431679.94,854141.16,366238.44,1659587880345,23.81
9664038.18,228420983.96,854598.45,365788.74,1659587882751,23.82
9681091.34,228407171.41,855312.20,365208.11,1659587886207,23.83
9622762.47,228446539.21,852563.03,366748.99,1659588177953,23.82
9629616.43,228442416.12,852965.48,366701.78,1659588470470,23.79
9591496.71,228406457.96,851804.00,365336.67,1659588763995,23.76
9624059.71,228415183.60,853126.76,365726.95,1659589058827,23.76
9630541.20,228367504.16,853239.89,363568.61,1659589354521,23.83
9724589.19,228386139.11,856819.01,364326.17,1659589650852,23.81
9715515.82,228389949.56,856437.68,364486.19,1659589654150,23.81
9676589.60,228491083.99,854600.18,368603.42,1659589952551,23.85
9647987.36,228444776.66,853755.06,366811.86,1659590251228,23.79
9662403.65,228442520.23,854619.30,366785.08,1659590593915,23.78
9663474.15,228415282.03,855272.22,365808.27,1659590894518,23.74
9641746.50,228417446.22,854356.45,365899.23,1659590896890,23.74
9647025.36,228417090.12,854578.84,365884.23,1659590899820,23.74
9610244.38,228417485.71,852983.49,365907.50,1659591204655,23.76
9652537.34,228428575.77,854519.11,366319.21,1659591509363,23.76
9627201.36,228430577.44,853226.43,366306.81,1659591814201,23.77
9664520.02,228441878.48,854966.67,366728.71,1659592121145,23.79
9668027.40,228425615.53,854568.96,365911.01,1659592475445,23.86
9681777.72,228409558.40,854999.78,365217.84,1659592827322,23.85
9834189.42,228422481.74,861387.92,365756.73,1659593136641,23.85
9663528.33,228418778.97,853834.19,365524.24,1659593447796,23.84
9602337.68,228394938.56,852064.61,364867.22,1659593759153,23.7
9546382.85,228357411.10,850137.66,363290.46,1659593762500,23.67
9535679.60,228415100.47,851886.22,366228.56,1659594076604,23.49
9492720.07,228396815.34,850857.22,366108.10,1659594392173,23.39
9515204.06,228374106.49,853253.45,365481.78,1659594706904,23.31
5033268.44,227479782.19,656866.89,327420.89,1659595022939,23.52
9615136.81,228311003.29,855696.22,362138.40,1659595340986,23.55
9550642.48,228400225.78,852202.96,365608.24,1659595659685,23.55
9571780.86,228333426.77,852824.18,362804.73,1659595979522,23.6
9565264.45,228332428.11,852644.04,362780.46,1659595982185,23.59
9581743.97,228351761.85,853640.96,363689.16,1659596302848,23.55
9581594.85,228331841.02,853634.18,362840.95,1659596305962,23.55
9562304.21,228335067.44,852813.28,362978.54,1659596308697,23.55
9607339.98,228338099.32,854995.07,363154.92,1659596632273,23.6
9593652.63,228330227.17,853661.10,362612.86,1659597006173,23.63
9609664.62,228367185.41,854209.66,364136.42,1659597331718,23.62
7082644.30,228348870.24,744899.59,363674.48,1659597657158,23.59
7097580.83,228337468.13,745229.25,362935.53,1659597984623,23.68
7086216.00,228344575.23,744744.14,363332.64,1659598312384,23.65
7091058.84,228350963.49,745208.63,363767.62,1659598642172,23.62
7111740.08,228355815.82,745967.40,363838.13,1659598972355,23.63
7088858.64,228361585.78,745066.07,364191.47,1659599302845,23.6
7110479.12,228319272.72,745957.70,362354.79,1659599634880,23.64
7067297.28,228314329.15,745112.56,362495.68,1659599966652,23.49
7079665.64,228352845.76,745640.64,364124.18,1659599969583,23.5
7083193.20,228362850.48,745788.96,364549.30,1659599973409,23.49
7059795.42,228371577.49,744791.05,364920.71,1659599975588,23.49
7062092.97,228354831.32,744888.51,364208.16,1659599979013,23.5
7085484.38,228335707.75,745884.26,363431.54,1659599981536,23.5
7025430.42,228324238.10,743233.00,363077.06,1659600321004,23.45
7043777.72,228327348.22,744584.44,363862.26,1659600660492,23.38
7047742.30,227994160.81,744511.42,349688.30,1659601001209,23.49
7062565.12,227992228.93,745290.88,349876.11,1659601343685,23.39
7078456.54,228007037.40,745970.59,350506.02,1659601346507,23.39
7045717.62,227996367.76,744296.49,349824.89,1659601690552,23.48
7044800.06,227965395.39,744131.05,348518.11,1659602036823,23.48
7043151.17,228003903.69,744390.26,350345.81,1659602383982,23.39
7041688.81,228005250.09,744327.71,350403.51,1659602386510,23.39
7039218.02,227974867.37,744263.02,349106.62,1659602389411,23.4
7031600.58,228008850.45,743936.66,350557.04,1659602392822,23.39
7039705.17,228008974.06,744283.38,350562.30,1659602395510,23.39
7036104.91,227993226.95,744129.39,349887.86,1659602398460,23.39
7037937.99,227973326.78,744207.68,349037.69,1659602402006,23.4
7003744.25,227949385.91,742865.51,348079.40,1659602758271,23.4
7003744.25,227949385.91,742865.51,348079.40,1659602760950,23.4
6987915.80,227936713.38,742193.70,347545.87,1659602764071,23.39
7016139.14,227986235.38,743691.80,349782.87,1659603123557,23.32
7025592.13,227974179.89,744251.19,349295.95,1659603483905,23.29
7022352.97,227972194.21,744555.56,349422.13,1659603844580,23.26
7013796.63,227989636.34,743786.60,349935.40,1659604207974,23.35
7024365.03,227984207.72,743848.76,349587.36,1659604571731,23.38
7010477.16,228014209.74,743406.90,350933.03,1659604934732,23.32
7079428.86,227959440.47,746349.18,348425.15,1659605299850,23.42
7087673.20,228001957.03,746701.26,350229.18,1659605301502,23.42
7103510.68,228021685.37,747378.71,351071.18,1659605304587,23.42
6961494.06,227889108.47,741259.77,345496.62,1659605673843,23.32
6962190.22,227883331.45,741288.59,345249.12,1659605675878,23.33
7011196.95,227932896.72,743557.71,347508.46,1659606046008,23.34
7101815.72,227981863.62,747047.03,349388.23,1659606416007,23.41
7058164.01,227980675.29,744923.87,349186.73,1659606787390,23.45
7085103.66,227958420.29,746052.71,348279.26,1659607160430,23.43
7081886.36,227954066.48,745915.33,348093.65,1659607162057,23.43
7070891.04,227987619.68,745219.93,349346.14,1659607536896,23.51
7087962.69,227958074.21,745598.23,348052.97,1659607911834,23.52
7072760.61,228009773.38,744985.89,350123.84,1659608288932,23.53
7065693.07,227993842.82,744602.93,349494.87,1659608667133,23.54
7063803.75,227998645.84,744613.59,349706.03,1659609046298,23.53
7048542.32,228011239.42,743921.15,350159.37,1659609427583,23.51
7045512.33,228010964.76,743792.92,350150.11,1659609430172,23.51
7024426.30,227921198.35,742947.98,346357.01,1659609433140,23.49
6989897.17,227975949.72,742041.49,349047.81,1659609816140,23.41
7078943.87,227953740.22,746185.04,348201.06,1659610200558,23.38
7041254.22,227990367.72,744579.51,349787.65,1659610585952,23.38
7034356.84,228011581.02,744005.04,350566.62,1659610971578,23.42
7100885.42,227982573.30,746754.15,349222.84,1659611358569,23.45
6449085.05,227971892.43,718543.28,348914.14,1659611746372,23.4
6433531.76,227953448.76,718017.57,348172.36,1659612135644,23.39
6447117.46,227980840.05,718599.06,349342.37,1659612139462,23.39
6499004.61,227981071.46,720477.59,349205.51,1659612532046,23.41
6454886.82,227986077.22,718656.95,349465.86,1659612925169,23.42
6468059.74,228016071.32,719220.65,350746.64,1659612927609,23.42
6434742.65,227980462.33,717832.82,349222.72,1659613321929,23.44
6436122.84,227945091.93,717893.96,347716.17,1659613325027,23.44
6462729.85,227997318.43,719026.33,349943.16,1659613327444,23.44
6434373.27,227969359.63,717823.48,348856.47,1659613725646,23.41
6438005.90,227969420.65,717928.35,348805.71,1659614123784,23.4
6479560.43,227961136.97,719666.14,348323.08,1659614522965,23.46
6454251.44,227994274.23,718233.79,349583.92,1659614923262,23.47
6409308.19,227999153.51,717040.96,350187.49,1659615323606,23.32
6392046.54,227992098.05,716299.45,349884.76,1659615326635,23.32
6384392.30,227976577.46,715970.40,349218.34,1659615330407,23.33
6446668.90,227964367.72,718673.80,348763.48,1659615737150,23.32
6441064.40,227975561.93,718433.16,349243.55,1659615740370,23.31
6444640.77,227987604.51,718586.68,349759.73,1659615742752,23.32
6288051.86,228619463.21,712827.08,376935.69,1659616150972,23.22
6280936.81,228425719.60,712147.05,368574.81,1659616560722,23.21
6273654.36,228432114.20,711832.43,368849.02,1659616563830,23.21
6271770.10,228401141.78,711751.14,367518.20,1659616566653,23.21
6328005.61,228420972.34,713860.88,368176.76,1659616980113,23.27
6260909.90,228404361.54,710110.64,367281.30,1659617394757,23.34
6261291.70,228395393.43,709876.44,366837.15,1659617809738,23.36
6256017.66,228428874.91,709932.72,368505.53,1659618225570,23.27
6248796.07,228420000.28,709622.32,368173.06,1659618228449,23.27
6263137.05,228432433.02,710242.12,368709.51,1659618231435,23.26
6241307.06,228395650.18,709284.15,366876.68,1659618653039,23.35
6232867.15,228548262.96,708449.56,373164.23,1659619075111,23.35
6240828.35,228547553.13,708791.31,373150.75,1659619497993,23.4
6238554.25,228558223.82,708812.95,373669.08,1659619921857,23.33
6237545.62,228504372.57,708479.56,371082.02,1659620346939,23.41
6270648.47,228496633.84,708731.92,369889.49,1659620773435,23.69
6182881.32,228454433.41,705238.83,368279.06,1659621200131,23.58
6228553.43,228467843.99,707186.41,368851.52,1659621203539,23.58
6213638.92,228459005.55,706569.53,368547.69,1659621631939,23.54
4751806.18,227518352.13,643757.70,329263.48,1659622061678,23.6
4801658.73,227558044.64,645849.68,330934.49,1659622063876,23.6
4807119.74,227571198.30,646028.72,331486.01,1659622067104,23.61
5888554.57,228487910.83,693027.51,370228.69,1659622498898,23.44
5892450.89,228437436.72,693922.64,368662.98,1659622931550,23.3
5925016.07,228513309.98,695150.70,372159.70,1659623365808,23.29
5854436.96,228525412.11,692810.67,372998.04,1659623800594,23.16
5859953.63,228525680.91,693036.50,373010.90,1659623802990,23.17
5846018.25,228567074.23,692581.80,375056.95,1659624239719,23.15
5838156.80,228586312.72,692242.23,375889.21,1659624242717,23.15
5828254.41,228528755.38,691118.00,372755.06,1659624680938,23.27
5884793.69,228520471.11,693448.60,372329.01,1659625120917,23.34
5913734.67,228546062.82,694482.47,373279.27,1659625561271,23.35
5890414.85,228552884.10,693841.72,373885.18,1659626003085,23.26
5872805.10,228548847.61,692912.88,373550.57,1659626445302,23.34
5878922.00,228576080.37,693375.52,374846.91,1659626892088,23.26
5895898.32,228539117.67,693882.71,373096.66,1659627337764,23.31
5872626.63,228569153.43,693033.31,374606.53,1659627784317,23.27
5896988.66,228538787.15,693639.57,372968.84,1659628231103,23.37
5935120.27,228556108.15,695078.64,373528.43,1659628679393,23.41
5915839.55,228566031.22,694209.54,373869.50,1659629127832,23.41
5956579.48,228542525.09,695550.84,372589.49,1659629578204,23.51
5947009.84,228563248.71,695095.19,373430.49,1659630028783,23.53
5909354.78,228587884.14,693544.00,374519.92,1659630480956,23.48
5901970.36,228545382.89,693774.23,373163.82,1659630998828,23.39
5908604.48,228548137.76,694304.67,373435.40,1659631452525,23.32
5911386.12,228552735.36,694424.08,373632.10,1659631455501,23.32
5767112.29,228492990.24,689574.44,372395.35,1659631913249,23.04
5764732.90,228503620.17,689486.03,372869.05,1659631915863,23.01
5788562.28,228506799.79,690531.57,373007.30,1659631919005,23
5797745.11,228452280.86,691145.86,370795.59,1659632380864,23.04
5817044.95,228464517.44,691984.98,371326.02,1659632383757,23.04
5823928.91,228486970.69,692307.93,372300.23,1659632386664,23.04
5791635.99,228489241.95,690902.75,372398.73,1659632389665,23.04
5783348.58,228489009.46,690540.31,372388.35,1659632393639,23.04
5800850.45,228490344.80,690899.09,372152.38,1659632861618,23.11
5903172.32,228507122.91,695125.82,372725.49,1659633330147,23.14
5871873.60,228529794.04,693725.01,373666.29,1659633799885,23.12
5878230.87,228543837.75,693611.95,373917.78,1659634270134,23.24
5888079.00,228527792.72,694036.41,373227.63,1659634273500,23.24
5909286.46,228558927.42,695265.90,374793.74,1659634747661,23.16
5923424.86,228548696.94,695712.49,374176.46,1659635221034,23.25
5925731.21,228550055.94,695692.43,374218.33,1659635696850,23.26
5905897.90,228553866.42,694711.56,374312.02,1659636249196,23.25
5902960.14,228505051.94,694628.50,372247.25,1659636252274,23.23
5899318.69,228476794.71,694479.10,371036.85,1659636255045,23.23
5906554.89,228541122.84,694792.28,373800.43,1659636257843,23.23
5906555.48,228551264.43,694792.28,374236.65,1659636261008,23.23
4799977.61,227623320.36,646975.13,335028.54,1659636745337,23.18
4853079.32,227634335.72,649265.69,335496.44,1659636748570,23.18
4817074.52,227618714.89,647680.60,334822.81,1659636751038,23.19
4703917.76,227548800.33,642383.50,332022.54,1659637239135,23.16
4686329.67,227543466.42,641616.60,331793.15,1659637242213,23.16
5850039.23,228467443.35,692190.55,371084.70,1659637731838,23.21
5905043.57,228387108.17,694344.51,367283.17,1659638222716,23.24
5835587.09,228365190.55,691796.77,366919.86,1659638713429,23.13
5907226.72,228386149.45,694824.39,367710.45,1659639205535,23.18
5913855.62,228373971.52,695165.91,367252.46,1659639698068,23.17
4813112.41,227475434.31,646123.57,328865.44,1659640191812,23.24
4809120.53,227492429.97,645951.85,329598.25,1659640197640,23.23
4840856.64,227461735.35,647320.54,328296.07,1659640198019,23.23
4805348.01,227453438.25,645761.57,327937.84,1659640200581,23.24
4822100.69,227474330.85,646299.24,328683.81,1659640699226,23.3
4818479.90,227470360.83,646143.65,328513.56,1659640702771,23.3
4836559.90,227449547.34,646918.07,327618.33,1659640705406,23.3
4831169.94,227469449.17,646686.52,328471.69,1659640708636,23.3
4833105.42,227469081.51,646769.68,328455.91,1659640711153,23.3
4839330.02,227469077.88,647037.07,328455.93,1659640714346,23.3
4808681.58,227458739.19,645722.92,328015.22,1659640717367,23.29
4827129.97,227441970.86,646513.97,327294.81,1659640720186,23.3
4837770.80,227453940.88,647140.18,328853.18,1659641231232,23.21
4807095.80,227403364.67,645900.52,326914.18,1659641741959,23.08
4818506.28,227435157.54,646396.44,328290.82,1659641745078,23.08
4827607.92,227427368.23,646788.92,327948.74,1659641748138,23.09
4826612.26,227431171.20,646742.55,328110.08,1659641751879,23.1
4838038.64,227409739.51,647233.92,327179.59,1659641754518,23.1
5883684.24,228334130.34,693125.21,366726.45,1659642273473,23.08
5905069.29,228350507.19,694051.88,367434.94,1659642275462,23.08
5934999.99,228320497.68,695347.29,366135.56,1659642278631,23.09
5845233.46,228329100.18,691395.19,366453.24,1659642801464,23.13
5858304.53,228299144.16,691950.29,365160.40,1659642804468,23.13
5852651.45,228299144.06,691705.00,365160.40,1659642807641,23.13
5841025.40,228299623.44,691201.92,365181.20,1659642810323,23.13
5812655.85,228348055.69,689593.32,366937.70,1659643338105,23.18
5832495.67,228335272.92,690448.94,366386.38,1659643341191,23.19
5817972.61,228297775.93,689818.70,364767.29,1659643344192,23.2
5803053.35,228323709.88,688197.44,365819.64,1659643876332,23.21
5782499.45,228322997.70,687572.42,365989.63,1659644408852,23.15
5760207.78,228284763.44,686369.37,364181.78,1659644943019,23.2
5757333.07,228295420.81,686252.37,364640.55,1659644946334,23.2
5759514.20,228282882.41,686346.43,364099.61,1659644949189,23.2
5759096.78,228283579.61,686328.43,364129.61,1659644951926,23.2
5757332.79,228298112.79,686252.36,364756.25,1659644955090,23.2
5757332.79,228298112.79,686252.36,364756.25,1659644957921,23.2
5787784.39,228270096.68,687555.79,363614.60,1659645500045,23.21
5763654.23,228268148.51,686515.19,363530.66,1659645503347,23.22
5761542.56,228328685.64,686338.10,366134.06,1659646048907,23.19
5804936.36,228330012.33,688562.50,366223.59,1659646595465,23.22
5728426.88,228347832.94,685209.30,366914.98,1659647142854,23.2
5757541.55,228339396.95,686810.69,366631.64,1659647690931,23.16
5741932.29,228317860.32,686136.84,365670.42,1659648242941,23.19
5707465.07,228306180.36,684670.57,365214.38,1659648793127,23.16
5729404.61,228355829.74,686037.83,367275.19,1659649343851,23.14
5726600.70,228363310.24,685916.38,367599.48,1659649346304,23.14
5728737.77,228351893.86,686009.02,367106.73,1659649349631,23.14
5732158.40,228346420.07,686156.94,366870.28,1659649352363,23.14
5732167.96,228343984.66,686157.35,366765.12,1659649355421,23.14
5732167.96,228348799.82,686157.35,366972.60,1659649358863,23.14
5732167.96,228354404.67,686157.35,367214.71,1659649361537,23.14
5772268.87,228346313.54,687649.65,366657.46,1659649922604,23.21
5751756.84,228366002.21,687381.85,367999.32,1659650484168,23.07
5754876.30,228366002.21,687517.29,367999.32,1659650487314,23.07
5754482.32,228366002.21,687500.09,367999.32,1659650490189,23.07
4709509.34,227425618.54,641554.93,327667.60,1659651056680,23.11
4715877.79,227453910.57,641793.87,329095.83,1659651623128,23.13
4773407.88,227490144.04,644128.27,330419.86,1659652189934,23.22
4778140.06,227450844.62,644168.62,328659.60,1659652757610,23.28
4791413.31,227456472.58,644737.87,328900.92,1659652760320,23.28
4776637.94,227443273.96,644068.39,328317.09,1659652763233,23.29
4781277.21,227457920.63,644266.93,328940.79,1659652766262,23.3
4755163.64,227524650.46,643066.22,331769.27,1659653340467,23.28
4755203.40,227440730.10,643032.61,328211.29,1659653916082,23.26
5756966.99,228383381.21,686326.49,367964.37,1659654576167,23.3
5779690.23,228446943.59,686972.02,370623.16,1659655154437,23.34
5788515.13,228360627.85,687724.50,366984.30,1659655733817,23.33
5793275.89,228335725.43,687998.24,365989.11,1659656398530,23.36
5806364.48,228305797.13,688148.74,364329.55,1659656980570,23.44
5788102.46,228309675.03,687608.61,364713.84,1659657564925,23.36
5792594.38,228358789.44,687568.53,366488.49,1659658240389,23.4
5794310.84,228355621.55,687641.86,366353.14,1659658242722,23.4
5835367.69,228307756.74,689453.77,364475.10,1659658830535,23.39
5815055.06,228311623.86,688583.89,364640.41,1659658833009,23.39
5820581.46,228310345.57,688820.46,364586.00,1659658835975,23.39
5825145.05,228333159.95,689015.40,365560.52,1659658838991,23.39
5802538.75,228316484.73,688407.42,365124.67,1659659433172,23.32
5799694.97,228298891.08,688285.37,364370.92,1659659435709,23.32
4707847.70,227407683.81,640613.23,326598.30,1659660031681,23.39
5721297.18,228325047.84,684661.88,365545.42,1659660628706,23.28
5706233.43,228331163.64,684011.54,365808.27,1659660631708,23.28
5701974.55,228321105.08,684549.39,365940.29,1659661233480,23.14
5721689.94,228312702.21,684734.63,365081.00,1659661835018,23.29
5723161.50,228307935.70,684797.71,364876.43,1659661838606,23.29
5688628.70,228298679.90,683436.29,364567.12,1659662443452,23.27
5650380.29,228285434.24,681791.07,364002.16,1659662446303,23.26
5676798.13,228319888.65,682928.73,365480.85,1659662449171,23.26
4703439.64,227370814.50,640620.95,325200.01,1659663059382,23.27
6723162.49,228346156.67,728065.94,366275.58,1659663669580,23.31
6718828.90,228343311.81,727879.34,366150.80,1659663672205,23.31
6729068.55,228319563.61,726807.00,364309.39,1659664284594,23.57
6761005.59,228323911.89,727225.07,363820.52,1659664898056,23.74
6759593.23,228358337.19,727207.39,365334.80,1659665512598,23.7
6793680.67,228324526.44,728322.70,363751.23,1659666127175,23.76
6777887.33,228289911.33,727324.58,362113.19,1659666744265,23.81
6791481.54,228303877.45,727836.62,362663.12,1659667362778,23.83
6808000.22,228309573.63,728210.16,362751.64,1659667982370,23.87
6782503.14,228297068.49,727379.40,362423.03,1659668604824,23.81
6794490.82,228334050.49,728035.78,363976.12,1659669227038,23.8
6801262.74,228333828.41,728009.70,363936.57,1659669850843,23.85
6799394.00,228272708.92,727717.39,361224.27,1659670475977,23.89
6772156.37,228327156.22,726542.42,363489.51,1659671102510,23.88
6781283.92,228204073.84,726661.62,358002.10,1659671730210,23.98
6771887.62,228455088.39,725903.25,368269.98,1659672359102,23.97
6769880.19,228444523.40,725839.93,367829.48,1659672362677,23.97
6767909.56,228427374.89,725757.47,367114.40,1659672365708,23.97
6775782.55,228484892.14,725994.49,369414.41,1659672999959,24.01
6778397.94,228494469.41,726103.60,369813.21,1659673002098,24.01
6801206.57,228478176.33,727054.48,369135.43,1659673005189,24
7056007.00,228420391.06,738094.75,366942.30,1659673642599,23.97
7058561.59,228427257.84,738196.38,367221.63,1659673645366,23.98
6978310.76,228647381.55,735771.97,376202.21,1659674285887,23.91
6970111.26,228646174.35,735427.82,376151.81,1659674288736,23.91
5846778.52,228582815.17,688353.13,374098.53,1659674930621,23.87
7036877.25,228621161.34,738415.75,375587.12,1659675574667,23.87
7033570.99,228755830.29,738497.93,381493.01,1659676218402,23.81
7056105.79,228640974.36,739440.78,376672.76,1659676221165,23.82
7053148.65,228540974.82,739238.09,372434.19,1659676866744,23.84
7059560.17,228527442.12,739504.94,371865.79,1659676869808,23.84
7035222.45,228568188.65,738606.52,373700.59,1659677518559,23.8
7054832.47,228551385.73,739431.81,372993.80,1659677521696,23.8
7037358.59,228524546.39,738691.67,371873.18,1659677524765,23.81
7018648.66,228512527.91,738315.74,371545.95,1659678178087,23.74
7047950.17,228437087.24,738788.95,367976.07,1659678834575,23.89
4989163.89,227499717.34,651407.94,328893.33,1659679490384,24.09
7162902.46,228731021.55,744428.75,379903.46,1659680145918,24.02
7131840.38,228743567.07,743158.68,380449.88,1659680896931,23.98
7124929.58,228745229.32,742858.45,380515.11,1659680900380,24
7127880.48,228755425.99,742983.31,380940.85,1659680902819,23.99
5076442.53,227485392.52,656734.13,328606.99,1659681565388,23.95
7130535.55,228753081.65,743316.78,381107.01,1659682229036,23.93
7097002.51,228701174.42,741976.00,378452.34,1659682893750,24.02
7140560.18,228701095.79,743819.91,378785.18,1659683559631,23.94
7120296.85,228692714.19,743268.84,378604.87,1659684225933,23.92
7124433.58,228694463.96,743442.13,378678.26,1659684228614,23.92
7099524.45,228699324.08,742285.78,378887.14,1659684899314,23.88
7115702.22,228658103.33,742993.41,377176.24,1659685570101,23.91
7141031.39,228649724.12,744378.79,376981.45,1659686243378,23.87
7097388.19,228610491.72,742144.74,375088.82,1659686917292,23.95
6053051.95,228492289.60,698469.05,370674.84,1659687592709,23.8
7481925.71,228656534.02,759391.31,377214.34,1659688269607,23.84
7452008.73,228686419.07,758397.55,378649.24,1659688947205,23.79
7461753.74,228678458.11,758808.67,378314.80,1659688950261,23.79
7461130.19,228673846.50,758968.85,378165.45,1659689631771,23.77
7481147.36,228659010.18,759757.81,377437.88,1659690312669,23.8
7455718.16,228580901.02,758044.51,373692.93,1659690996505,23.9
7452757.53,228584630.17,757920.95,373849.39,1659690998697,23.89
7503544.40,228604637.30,760037.07,374754.37,1659691684871,23.89
7496136.58,228604637.03,759726.45,374754.37,1659691687879,23.89
7496182.84,228604637.03,759728.37,374754.37,1659691693941,23.89
7519139.51,228395564.55,758871.89,364996.04,1659692384181,24.17
7536921.18,228355056.35,760052.40,363611.16,1659693075686,24.1
7515300.49,228408024.01,759401.57,365949.47,1659693769549,24.06
7635644.06,228382294.33,764320.58,364819.62,1659694462962,24.07
7591487.86,228345449.72,762132.34,363139.37,1659695159287,24.14
7587064.48,228360808.47,761674.10,363566.70,1659695856254,24.17
7587321.11,228391011.34,761684.77,364813.22,1659695858906,24.17
7588059.37,228385858.15,761715.16,364600.10,1659695861586,24.17
7588059.37,228392701.05,761715.16,364884.45,1659695864627,24.17
7613106.60,228369535.31,762535.46,363769.99,1659696568466,24.2
7600092.30,228415552.80,762021.25,365671.31,1659697274045,24.21
7568834.33,228377953.08,760759.80,364133.57,1659697277217,24.2
7596298.21,228367791.04,761375.14,363750.43,1659697985285,24.28
7694680.73,228385838.00,764627.67,363887.70,1659698694972,24.39
7672120.06,227871703.14,762956.86,342472.91,1659699406492,24.53
7747940.21,228090234.36,765516.88,350835.16,1659700118866,24.62
7739839.69,227899016.71,764585.77,342838.49,1659700833964,24.7
7695845.38,227848123.14,763293.43,341136.63,1659701548753,24.55
7706523.84,227830001.56,763847.00,340722.37,1659702265669,24.52
7716179.84,227824231.62,764281.62,340486.72,1659702269069,24.53
7633290.40,227734507.22,762409.71,337276.20,1659702987287,24.35
7613904.89,227669432.25,761756.62,334614.41,1659702990338,24.35
7615385.38,227707438.32,762175.82,336741.75,1659703712304,24.2
7615171.01,227700901.78,762176.84,336425.97,1659704435315,24.31
7616996.42,227713530.39,762151.95,336945.73,1659704438489,24.31
7646952.39,227745537.21,763386.12,338235.25,1659704441302,24.32
7653604.07,227706847.63,763651.95,336598.51,1659704447833,24.33
7634150.54,227732215.23,762849.82,337641.68,1659704449158,24.33
7630466.60,227679947.56,763663.98,335990.91,1659705179409,24.12
4926785.71,226360726.73,649480.76,281891.91,1659705910315,24.32
5784761.19,227616253.01,684880.89,332316.41,1659706643813,24.39
5812879.61,227629414.95,686185.59,332606.25,1659707379664,24.37
5807106.65,227564028.54,685928.74,329928.02,1659707382491,24.4
5659670.80,227966001.71,679667.28,346863.88,1659708122108,24.35
5714008.22,227265004.80,680929.55,317170.11,1659708863066,24.68
5772488.44,227840492.90,683231.43,340875.96,1659709604861,24.5
5762117.25,227849188.19,682808.35,341231.83,1659709607596,24.49
5728196.92,227798918.70,681421.63,339181.10,1659709610544,24.5
5803263.13,227847253.72,684531.78,341425.57,1659710356594,24.5
5846600.38,227829544.43,686408.80,340849.45,1659711102681,24.43
5831394.87,227829354.95,685781.65,340845.12,1659711105681,24.45
5822561.34,227780217.63,685846.93,339129.63,1659711855993,24.4
5830842.45,227780058.71,686186.70,339122.51,1659711858772,24.4
5830842.45,227778655.42,686186.70,339065.00,1659711861765,24.4
5829962.56,227782200.59,686150.60,339210.29,1659711865803,24.4
5819176.27,227788868.96,685748.24,339531.00,1659712623858,24.39
5772299.19,227756192.03,684705.98,339080.18,1659713382226,24.17
5775988.65,227756276.80,684859.19,339082.93,1659713385072,24.17
5796486.74,227627940.15,685469.52,333391.76,1659714148527,24.24
5827102.44,227654365.81,687006.31,335656.56,1659714912088,24.27
5728965.09,227601493.56,683321.29,333654.55,1659715677418,24.2
5721951.48,227591653.71,683030.87,333248.77,1659715679452,24.2
5779095.25,227633534.84,685192.89,334759.14,1659716446253,24.3
5735091.80,227648329.93,683828.00,334617.70,1659717214548,24.12
5781044.13,227665999.02,685655.81,335272.61,1659717984034,24.18
5853395.98,227619226.96,688445.49,333267.75,1659718754958,24.24
5846794.50,227604883.78,687865.88,332425.62,1659719527464,24.29
5775811.47,227615975.50,685396.46,333369.24,1659720301292,24.19
5779306.15,227629861.29,685541.20,333942.48,1659720303199,24.18
5769277.58,227622125.12,685128.68,333633.62,1659720305892,24.17
5797964.18,227597661.28,686253.66,332741.54,1659721218479,24.18
5806506.07,227599518.37,686607.16,332818.31,1659721221455,24.18
5794557.57,227601977.85,686111.91,332919.69,1659721224399,24.19
4979222.65,226363386.13,652137.39,282800.88,1659722007217,24.13
5768116.93,227595313.98,685134.35,332722.80,1659722791057,24.18
5778843.74,227566807.22,685769.71,331854.79,1659723575476,24.12
5776965.96,227571853.20,685691.80,332063.70,1659723578118,24.12
5743626.04,227574598.32,684307.97,332177.31,1659723581950,24.13
5682616.45,227535803.33,681223.76,331420.69,1659724370392,24.06
5679966.44,227555578.59,681120.56,332131.45,1659725158871,24.1
5678428.88,227535234.73,681055.57,331287.76,1659725162280,24.1
5678428.88,227549293.70,681055.57,331871.16,1659725165622,24.1
5686421.51,227550980.70,681387.35,331941.16,1659725167907,24.1
5619821.01,227572900.67,679448.89,333052.32,1659725966251,24.03
5682029.91,227541555.57,682081.67,331960.48,1659725968209,24
5679491.63,227519782.10,681451.20,330468.90,1659726766816,24.17
5762176.20,227520612.85,684302.68,330418.08,1659727566684,24.17
5822159.90,227568660.99,686669.08,332310.17,1659728369803,24.16
5774403.79,227585746.76,684664.31,332991.73,1659729173413,24.18
5778324.05,227574065.55,684883.96,332541.18,1659729980382,24.15
5810432.77,227590764.63,686215.34,333234.22,1659729982304,24.16
5810658.74,227579498.67,686224.64,332768.38,1659729985156,24.15
5874939.21,227606499.28,689205.75,333419.34,1659730796114,24.22
5844716.94,227545218.19,687665.55,330645.85,1659731607535,24.33
5827549.58,227603133.34,686699.02,332603.85,1659732419870,24.37
5886584.61,227613754.92,689090.77,333136.27,1659733232813,24.36
5922208.65,227643712.28,690074.46,333859.46,1659734048656,24.45
5909361.01,227574871.33,688932.12,330481.81,1659734867232,24.62
5788576.03,227613841.65,684290.12,332423.06,1659735687065,24.47
5778333.03,227611388.82,683871.06,332323.18,1659735690492,24.47
5814125.41,227599840.74,685201.10,331674.45,1659736515544,24.52
5827441.65,227601591.25,685057.85,331666.31,1659737458079,24.61
5892490.58,227592876.29,687609.63,331164.73,1659738283264,24.62
4710959.45,227541144.59,639350.63,329241.76,1659739111073,24.6
5945530.23,227583549.06,689191.70,330185.25,1659739941741,24.8
5954450.45,227544853.21,689086.57,328216.91,1659740773211,24.9
5911468.97,227577917.78,687356.14,329527.35,1659740776246,24.89
5906009.66,227584808.71,687137.31,329805.40,1659740779296,24.89
5930210.15,227564700.20,688114.63,329004.23,1659740782924,24.88
5946131.27,227567061.26,688755.08,329110.83,1659740785769,24.88
5937088.05,227582351.13,688391.63,329629.99,1659740788442,24.89
5851156.57,227590238.53,685239.67,330426.06,1659741633408,24.78
5857327.86,227578700.67,685488.98,329960.74,1659741636437,24.78
5838037.34,227589247.92,684709.89,330385.91,1659741639654,24.78
5869086.82,227608280.00,685645.47,330714.38,1659742488148,24.91
5928716.40,227707731.02,688084.78,334368.81,1659743339411,24.86
5892097.03,227554514.19,686287.58,329213.59,1659744190521,24.98
5871966.32,227331420.11,685665.39,320879.48,1659745041941,24.89
5867342.76,227333690.97,685479.48,320970.64,1659745045091,24.89
5939115.67,227342293.81,688021.65,321023.62,1659745900788,24.95
5926300.69,227343196.28,687505.10,321055.45,1659745903698,24.96
5953350.16,227354389.92,688590.70,321505.37,1659745906652,24.96
5871917.55,227300005.33,685150.87,319323.88,1659746768789,24.94
5871343.04,227292628.87,685127.82,319028.58,1659746771892,24.94
5860974.77,227316817.04,685422.32,320835.34,1659747636468,24.75
5848545.19,227329245.08,684925.05,321338.15,1659747639524,24.73
5863342.36,227332968.05,685524.96,321489.14,1659747642549,24.73
5946501.79,227373939.92,688168.16,322054.63,1659748512614,24.98
5840120.85,227455175.66,683043.98,324207.30,1659749384856,25.23
5839358.69,227473661.66,683279.99,324986.65,1659750257443,25.11
5842808.76,227461546.01,683417.52,324504.62,1659750260545,25.11
5844294.78,227436146.00,683470.69,323495.15,1659750263330,25.13
5817874.21,227441761.52,682416.93,323717.33,1659750266698,25.13
5912317.11,227526431.42,686578.74,327882.52,1659751147814,24.99
5909687.67,227521917.60,686469.96,327717.37,1659751150868,25
5788963.20,227541469.99,681777.49,328494.77,1659751154115,24.96
5931139.40,227483787.50,686978.93,326445.30,1659752040154,25.16
5875458.39,227500211.09,684823.39,327181.12,1659752930899,25.11
5850680.41,227501947.46,683835.81,327250.55,1659752932364,25.11
5855880.21,227510639.18,684043.14,327596.79,1659752935743,25.1
5831221.08,227424924.49,683441.01,324630.43,1659753830989,25.01
5834676.28,227379604.66,683578.94,322822.11,1659753834069,25.02
5860359.07,227461285.36,684609.99,326082.04,1659753837035,25.02
5847204.20,227440575.44,683879.13,325239.09,1659754737653,25.06
5845438.93,227408324.82,683780.24,323865.04,1659755778454,25.01
5894107.10,227396886.34,685862.93,323526.43,1659756682664,25.01
5868571.84,227400651.40,684841.00,323677.35,1659756686033,25.01
5882865.99,227400653.30,685412.93,323677.43,1659756688962,25.01
5851990.62,227404044.87,684176.97,323813.06,1659756692144,25.01
5885576.60,227406536.24,685521.40,323912.44,1659756694599,25.01
5858499.90,227469841.48,684472.31,326501.86,1659757610057,24.99
5860031.55,227461178.25,684534.36,326154.67,1659757613431,24.99
5840298.29,227458863.69,683744.34,326061.65,1659757616163,24.99
5840404.60,227437762.66,683730.51,325243.88,1659758537374,24.99
5859411.27,227413737.10,684490.33,324281.84,1659758540543,24.99
